time,N1
0,494.311
0.05,495.708
0.1,497.105
0.15,498.502
0.2,499.898
0.25,501.295
0.3,502.692
0.35,504.088
0.4,505.485
0.45,506.882
0.5,508.279
0.55,509.675
0.6,511.072
0.65,512.469
0.7,513.866
0.75,515.262
0.8,516.659
0.85,518.056
0.9,519.453
0.95,520.849
1,522.246
1.05,523.643
1.1,525.04
1.15,526.436
1.2,527.833
1.25,529.23
1.3,530.626
1.35,532.023
1.4,533.42
1.45,534.817
1.5,536.213
1.55,537.61
1.6,539.007
1.65,540.404
1.7,541.8
1.75,543.197
1.8,544.594
1.85,545.991
1.9,547.387
1.95,548.784
2,550.181
2.05,551.577
2.1,552.974
2.15,554.371
2.2,555.768
2.25,557.164
2.3,558.561
2.35,559.958
2.4,561.355
2.45,562.751
2.5,564.148
2.55,565.545
2.6,566.941
2.65,568.338
2.7,569.735
2.75,571.132
2.8,572.528
2.85,573.925
2.9,575.322
2.95,576.719
3,578.115
3.05,579.512
3.1,580.909
3.15,582.306
3.2,583.702
3.25,585.099
3.3,586.496
3.35,587.892
3.4,589.289
3.45,590.686
3.5,592.083
3.55,593.479
3.6,594.876
3.65,596.273
3.7,597.67
3.75,599.066
3.8,600.463
3.85,601.86
3.9,603.256
3.95,604.653
4,606.05
4.05,607.447
4.1,608.843
4.15,610.24
4.2,611.637
4.25,613.034
4.3,614.43
4.35,615.827
4.4,617.224
4.45,618.62
4.5,620.017
4.55,621.414
4.6,622.811
4.65,624.207
4.7,625.604
4.75,627.001
4.8,628.398
4.85,629.794
4.9,631.191
4.95,632.588
5,633.984
5.05,635.381
5.1,636.778
5.15,638.175
5.2,639.571
5.25,640.968
5.3,642.365
5.35,643.762
5.4,645.158
5.45,646.555
5.5,647.952
5.55,649.348
5.6,650.745
5.65,652.142
5.7,653.539
5.75,654.935
5.8,656.332
5.85,657.729
5.9,659.125
5.95,660.522
6,661.919
6.05,663.316
6.1,664.712
6.15,666.109
6.2,667.506
6.25,668.903
6.3,670.299
6.35,671.696
6.4,673.093
6.45,674.489
6.5,675.886
6.55,677.283
6.6,678.68
6.65,680.076
6.7,681.473
6.75,682.87
6.8,684.267
6.85,685.663
6.9,687.06
6.95,688.457
7,689.853
7.05,691.25
7.1,692.647
7.15,694.044
7.2,695.44
7.25,696.837
7.3,698.234
7.35,699.63
7.4,701.027
7.45,702.424
7.5,703.821
7.55,705.217
7.6,706.614
7.65,708.011
7.7,709.407
7.75,710.804
7.8,712.201
7.85,713.598
7.9,714.994
7.95,716.391
8,717.788
8.05,719.185
8.1,720.581
8.15,721.978
8.2,723.375
8.25,724.771
8.3,726.168
8.35,727.565
8.4,728.962
8.45,730.358
8.5,731.755
8.55,733.152
8.6,734.548
8.65,735.945
8.7,737.342
8.75,738.739
8.8,740.135
8.85,741.532
8.9,742.929
8.95,744.325
9,745.722
9.05,747.119
9.1,748.516
9.15,749.912
9.2,751.309
9.25,752.706
9.3,754.103
9.35,755.499
9.4,756.896
9.45,758.293
9.5,759.689
9.55,761.086
9.6,762.483
9.65,763.88
9.7,765.276
9.75,766.673
9.8,768.07
9.85,769.466
9.9,770.863
9.95,772.26
10,773.657
10.05,775.053
10.1,776.45
10.15,777.847
10.2,779.243
10.25,780.64
10.3,782.037
10.35,783.434
10.4,784.83
10.45,786.227
10.5,787.624
10.55,789.02
10.6,790.417
10.65,791.814
10.7,793.211
10.75,794.607
10.8,796.004
10.85,797.401
10.9,798.797
10.95,800.194
11,801.591
11.05,802.988
11.1,804.384
11.15,805.781
11.2,807.178
11.25,808.574
11.3,809.971
11.35,811.368
11.4,812.765
11.45,814.161
11.5,815.558
11.55,816.955
11.6,818.351
11.65,819.748
11.7,821.145
11.75,822.542
11.8,823.938
11.85,825.335
11.9,826.732
11.95,828.128
12,829.525
12.05,830.922
12.1,832.319
12.15,833.715
12.2,835.112
12.25,836.509
12.3,837.905
12.35,839.302
12.4,840.699
12.45,842.096
12.5,843.492
12.55,844.889
12.6,846.286
12.65,847.682
12.7,849.079
12.75,850.476
12.8,851.873
12.85,853.269
12.9,854.666
12.95,856.063
13,857.459
13.05,858.856
13.1,860.253
13.15,861.649
13.2,863.046
13.25,864.443
13.3,865.84
13.35,867.236
13.4,868.633
13.45,870.03
13.5,871.426
13.55,872.823
13.6,874.22
13.65,875.617
13.7,877.013
13.75,878.41
13.8,879.807
13.85,881.203
13.9,882.6
13.95,883.997
14,885.394
14.05,886.79
14.1,888.187
14.15,889.584
14.2,890.98
14.25,892.377
14.3,893.774
14.35,895.17
14.4,896.567
14.45,897.964
14.5,899.361
14.55,900.757
14.6,902.154
14.65,903.551
14.7,904.947
14.75,906.344
14.8,907.741
14.85,909.138
14.9,910.534
14.95,911.931
15,913.328
15.05,914.724
15.1,916.121
15.15,917.518
15.2,918.915
15.25,920.311
15.3,921.708
15.35,923.105
15.4,924.501
15.45,925.898
15.5,927.295
15.55,928.691
15.6,930.088
15.65,931.485
15.7,932.882
15.75,934.278
15.8,935.675
15.85,937.072
15.9,938.468
15.95,939.865
16,941.262
16.05,942.658
16.1,944.055
16.15,945.452
16.2,946.849
16.25,948.245
16.3,949.642
16.35,951.039
16.4,952.435
16.45,953.832
16.5,955.229
16.55,956.626
16.6,958.022
16.65,959.419
16.7,960.816
16.75,962.212
16.8,963.609
16.85,965.006
16.9,966.402
16.95,967.799
17,969.196
17.05,970.593
17.1,971.989
17.15,973.386
17.2,974.783
17.25,976.179
17.3,977.576
17.35,978.973
17.4,980.369
17.45,981.766
17.5,983.163
17.55,984.56
17.6,985.956
17.65,987.353
17.7,988.75
17.75,990.146
17.8,991.543
17.85,992.94
17.9,994.336
17.95,995.733
18,997.13
18.05,998.527
18.1,999.923
18.15,1001.32
18.2,1002.72
18.25,1004.11
18.3,1005.51
18.35,1006.91
18.4,1008.3
18.45,1009.7
18.5,1011.1
18.55,1012.49
18.6,1013.89
18.65,1015.29
18.7,1016.68
18.75,1018.08
18.8,1019.48
18.85,1020.87
18.9,1022.27
18.95,1023.67
19,1025.06
19.05,1026.46
19.1,1027.86
19.15,1029.25
19.2,1030.65
19.25,1032.05
19.3,1033.44
19.35,1034.84
19.4,1036.24
19.45,1037.63
19.5,1039.03
19.55,1040.43
19.6,1041.82
19.65,1043.22
19.7,1044.62
19.75,1046.01
19.8,1047.41
19.85,1048.81
19.9,1050.2
19.95,1051.6
20,1053
20.05,1054.39
20.1,1055.79
20.15,1057.19
20.2,1058.58
20.25,1059.98
20.3,1061.38
20.35,1062.77
20.4,1064.17
20.45,1065.57
20.5,1066.96
20.55,1068.36
20.6,1069.76
20.65,1071.15
20.7,1072.55
20.75,1073.95
20.8,1075.34
20.85,1076.74
20.9,1078.14
20.95,1079.54
21,1080.93
21.05,1082.33
21.1,1083.73
21.15,1085.12
21.2,1086.52
21.25,1087.92
21.3,1089.31
21.35,1090.71
21.4,1092.11
21.45,1093.5
21.5,1094.9
21.55,1096.3
21.6,1097.69
21.65,1099.09
21.7,1100.49
21.75,1101.88
21.8,1103.28
21.85,1104.68
21.9,1106.07
21.95,1107.47
22,1108.87
22.05,1110.26
22.1,1111.66
22.15,1113.06
22.2,1114.45
22.25,1115.85
22.3,1117.25
22.35,1118.64
22.4,1120.04
22.45,1121.44
22.5,1122.83
22.55,1124.23
22.6,1125.63
22.65,1127.02
22.7,1128.42
22.75,1129.82
22.8,1131.21
22.85,1132.61
22.9,1134.01
22.95,1135.4
23,1136.8
23.05,1138.2
23.1,1139.59
23.15,1140.99
23.2,1142.39
23.25,1143.78
23.3,1145.18
23.35,1146.58
23.4,1147.97
23.45,1149.37
23.5,1150.77
23.55,1152.16
23.6,1153.56
23.65,1154.96
23.7,1156.35
23.75,1157.75
23.8,1159.15
23.85,1160.54
23.9,1161.94
23.95,1163.34
24,1164.73
24.05,1166.13
24.1,1167.53
24.15,1168.92
24.2,1170.32
24.25,1171.72
24.3,1173.11
24.35,1174.51
24.4,1175.91
24.45,1177.3
24.5,1178.7
24.55,1180.1
24.6,1181.49
24.65,1182.89
24.7,1184.29
24.75,1185.68
24.8,1187.08
24.85,1188.48
24.9,1189.87
24.95,1191.27
25,1192.67
25.05,1194.06
25.1,1195.46
25.15,1196.86
25.2,1198.25
25.25,1199.65
25.3,1201.05
25.35,1202.44
25.4,1203.84
25.45,1205.24
25.5,1206.63
25.55,1208.03
25.6,1209.43
25.65,1210.82
25.7,1212.22
25.75,1213.62
25.8,1215.01
25.85,1216.41
25.9,1217.81
25.95,1219.2
26,1220.6
26.05,1222
26.1,1223.39
26.15,1224.79
26.2,1226.19
26.25,1227.58
26.3,1228.98
26.35,1230.38
26.4,1231.77
26.45,1233.17
26.5,1234.57
26.55,1235.96
26.6,1237.36
26.65,1238.76
26.7,1240.15
26.75,1241.55
26.8,1242.95
26.85,1244.34
26.9,1245.74
26.95,1247.14
27,1248.53
27.05,1249.93
27.1,1251.33
27.15,1252.72
27.2,1254.12
27.25,1255.52
27.3,1256.91
27.35,1258.31
27.4,1259.71
27.45,1261.1
27.5,1262.5
27.55,1263.9
27.6,1265.29
27.65,1266.69
27.7,1268.09
27.75,1269.48
27.8,1270.88
27.85,1272.28
27.9,1273.67
27.95,1275.07
28,1276.47
28.05,1277.86
28.1,1279.26
28.15,1280.66
28.2,1282.05
28.25,1283.45
28.3,1284.85
28.35,1286.24
28.4,1287.64
28.45,1289.04
28.5,1290.43
28.55,1291.83
28.6,1293.23
28.65,1294.62
28.7,1296.02
28.75,1297.42
28.8,1298.81
28.85,1300.21
28.9,1301.61
28.95,1303.01
29,1304.4
29.05,1305.8
29.1,1307.2
29.15,1308.59
29.2,1309.99
29.25,1311.39
29.3,1312.78
29.35,1314.18
29.4,1315.58
29.45,1316.97
29.5,1318.37
29.55,1319.77
29.6,1321.16
29.65,1322.56
29.7,1323.96
29.75,1325.35
29.8,1326.75
29.85,1328.15
29.9,1329.54
29.95,1330.94
30,1332.34
30.05,1333.73
30.1,1335.13
30.15,1336.53
30.2,1337.92
30.25,1339.32
30.3,1340.72
30.35,1342.11
30.4,1343.51
30.45,1344.91
30.5,1346.3
30.55,1347.7
30.6,1349.1
30.65,1350.49
30.7,1351.89
30.75,1353.29
30.8,1354.68
30.85,1356.08
30.9,1357.48
30.95,1358.87
31,1360.27
31.05,1361.67
31.1,1363.06
31.15,1364.46
31.2,1365.86
31.25,1367.25
31.3,1368.65
31.35,1370.05
31.4,1371.44
31.45,1372.84
31.5,1374.24
31.55,1375.63
31.6,1377.03
31.65,1378.43
31.7,1379.82
31.75,1381.22
31.8,1382.62
31.85,1384.01
31.9,1385.41
31.95,1386.81
32,1388.2
32.05,1389.6
32.1,1391
32.15,1392.39
32.2,1393.79
32.25,1395.19
32.3,1396.58
32.35,1397.98
32.4,1399.38
32.45,1400.77
32.5,1402.17
32.55,1403.57
32.6,1404.96
32.65,1406.36
32.7,1407.76
32.75,1409.15
32.8,1410.55
32.85,1411.95
32.9,1413.34
32.95,1414.74
33,1416.14
33.05,1417.53
33.1,1418.93
33.15,1420.33
33.2,1421.72
33.25,1423.12
33.3,1424.52
33.35,1425.91
33.4,1427.31
33.45,1428.71
33.5,1430.1
33.55,1431.5
33.6,1432.9
33.65,1434.29
33.7,1435.69
33.75,1437.09
33.8,1438.48
33.85,1439.88
33.9,1441.28
33.95,1442.67
34,1444.07
34.05,1445.47
34.1,1446.86
34.15,1448.26
34.2,1449.66
34.25,1451.05
34.3,1452.45
34.35,1453.85
34.4,1455.24
34.45,1456.64
34.5,1458.04
34.55,1459.43
34.6,1460.83
34.65,1462.23
34.7,1463.62
34.75,1465.02
34.8,1466.42
34.85,1467.81
34.9,1469.21
34.95,1470.61
35,1472
35.05,1473.4
35.1,1474.8
35.15,1476.19
35.2,1477.59
35.25,1478.99
35.3,1480.38
35.35,1481.78
35.4,1483.18
35.45,1484.57
35.5,1485.97
35.55,1487.37
35.6,1488.76
35.65,1490.16
35.7,1491.56
35.75,1492.95
35.8,1494.35
35.85,1495.75
35.9,1497.14
35.95,1498.54
36,1499.94
36.05,1501.33
36.1,1502.73
36.15,1504.13
36.2,1505.52
36.25,1506.92
36.3,1508.32
36.35,1509.71
36.4,1511.11
36.45,1512.51
36.5,1513.9
36.55,1515.3
36.6,1516.7
36.65,1518.09
36.7,1519.49
36.75,1520.89
36.8,1522.28
36.85,1523.68
36.9,1525.08
36.95,1526.47
37,1527.87
37.05,1529.27
37.1,1530.66
37.15,1532.06
37.2,1533.46
37.25,1534.85
37.3,1536.25
37.35,1537.65
37.4,1539.04
37.45,1540.44
37.5,1541.84
37.55,1543.23
37.6,1544.63
37.65,1546.03
37.7,1547.42
37.75,1548.82
37.8,1550.22
37.85,1551.61
37.9,1553.01
37.95,1554.41
38,1555.8
38.05,1557.2
38.1,1558.6
38.15,1559.99
38.2,1561.39
38.25,1562.79
38.3,1564.18
38.35,1565.58
38.4,1566.98
38.45,1568.37
38.5,1569.77
38.55,1571.17
38.6,1572.56
38.65,1573.96
38.7,1575.36
38.75,1576.75
38.8,1578.15
38.85,1579.55
38.9,1580.94
38.95,1582.34
39,1583.74
39.05,1585.13
39.1,1586.53
39.15,1587.93
39.2,1589.32
39.25,1590.72
39.3,1592.12
39.35,1593.51
39.4,1594.91
39.45,1596.31
39.5,1597.7
39.55,1599.1
39.6,1600.5
39.65,1601.89
39.7,1603.29
39.75,1604.69
39.8,1606.08
39.85,1607.48
39.9,1608.88
39.95,1610.27
40,1611.67
40.05,1613.07
40.1,1614.46
40.15,1615.86
40.2,1617.26
40.25,1618.65
40.3,1620.05
40.35,1621.45
40.4,1622.84
40.45,1624.24
40.5,1625.64
40.55,1627.03
40.6,1628.43
40.65,1629.83
40.7,1631.22
40.75,1632.62
40.8,1634.02
40.85,1635.41
40.9,1636.81
40.95,1638.21
41,1639.6
41.05,1641
41.1,1642.4
41.15,1643.79
41.2,1645.19
41.25,1646.59
41.3,1647.98
41.35,1649.38
41.4,1650.78
41.45,1652.17
41.5,1653.57
41.55,1654.97
41.6,1656.36
41.65,1657.76
41.7,1659.16
41.75,1660.55
41.8,1661.95
41.85,1663.35
41.9,1664.74
41.95,1666.14
42,1667.54
42.05,1668.93
42.1,1670.33
42.15,1671.73
42.2,1673.12
42.25,1674.52
42.3,1675.91
42.35,1677.31
42.4,1678.71
42.45,1680.1
42.5,1681.5
42.55,1682.9
42.6,1684.29
42.65,1685.69
42.7,1687.09
42.75,1688.48
42.8,1689.88
42.85,1691.28
42.9,1692.67
42.95,1694.07
43,1695.47
43.05,1696.86
43.1,1698.26
43.15,1699.66
43.2,1701.05
43.25,1702.45
43.3,1703.85
43.35,1705.24
43.4,1706.64
43.45,1708.04
43.5,1709.43
43.55,1710.83
43.6,1712.23
43.65,1713.62
43.7,1715.02
43.75,1716.42
43.8,1717.81
43.85,1719.21
43.9,1720.61
43.95,1722
44,1723.4
44.05,1724.8
44.1,1726.19
44.15,1727.59
44.2,1728.99
44.25,1730.38
44.3,1731.78
44.35,1733.18
44.4,1734.57
44.45,1735.97
44.5,1737.37
44.55,1738.76
44.6,1740.16
44.65,1741.56
44.7,1742.95
44.75,1744.35
44.8,1745.75
44.85,1747.14
44.9,1748.54
44.95,1749.94
45,1751.33
45.05,1752.73
45.1,1754.13
45.15,1755.52
45.2,1756.92
45.25,1758.32
45.3,1759.71
45.35,1761.11
45.4,1762.51
45.45,1763.9
45.5,1765.3
45.55,1766.7
45.6,1768.09
45.65,1769.49
45.7,1770.89
45.75,1772.28
45.8,1773.68
45.85,1775.08
45.9,1776.47
45.95,1777.87
46,1779.27
46.05,1780.66
46.1,1782.06
46.15,1783.46
46.2,1784.85
46.25,1786.25
46.3,1787.65
46.35,1789.04
46.4,1790.44
46.45,1791.84
46.5,1793.23
46.55,1794.63
46.6,1796.03
46.65,1797.42
46.7,1798.82
46.75,1800.22
46.8,1801.61
46.85,1803.01
46.9,1804.41
46.95,1805.8
47,1807.2
47.05,1808.6
47.1,1809.99
47.15,1811.39
47.2,1812.79
47.25,1814.18
47.3,1815.58
47.35,1816.98
47.4,1818.37
47.45,1819.77
47.5,1821.17
47.55,1822.56
47.6,1823.96
47.65,1825.36
47.7,1826.75
47.75,1828.15
47.8,1829.55
47.85,1830.94
47.9,1832.34
47.95,1833.74
48,1835.13
48.05,1836.53
48.1,1837.93
48.15,1839.32
48.2,1840.72
48.25,1842.12
48.3,1843.51
48.35,1844.91
48.4,1846.31
48.45,1847.7
48.5,1849.1
48.55,1850.5
48.6,1851.89
48.65,1853.29
48.7,1854.69
48.75,1856.08
48.8,1857.48
48.85,1858.88
48.9,1860.27
48.95,1861.67
49,1863.07
49.05,1864.46
49.1,1865.86
49.15,1867.26
49.2,1868.65
49.25,1870.05
49.3,1871.45
49.35,1872.84
49.4,1874.24
49.45,1875.64
49.5,1877.03
49.55,1878.43
49.6,1879.83
49.65,1881.22
49.7,1882.62
49.75,1884.02
49.8,1885.41
49.85,1886.81
49.9,1888.21
49.95,1889.6
50,1891
50.05,1892.4
50.1,1893.79
50.15,1895.19
50.2,1896.59
50.25,1897.98
50.3,1899.38
50.35,1900.77
50.4,1902.17
50.45,1903.57
50.5,1904.96
50.55,1906.36
50.6,1907.76
50.65,1909.15
50.7,1910.55
50.75,1911.95
50.8,1913.34
50.85,1914.74
50.9,1916.14
50.95,1917.53
51,1918.93
51.05,1920.33
51.1,1921.72
51.15,1923.12
51.2,1924.52
51.25,1925.91
51.3,1927.31
51.35,1928.71
51.4,1930.1
51.45,1931.5
51.5,1932.9
51.55,1934.29
51.6,1935.69
51.65,1937.09
51.7,1938.48
51.75,1939.88
51.8,1941.28
51.85,1942.67
51.9,1944.07
51.95,1945.47
52,1946.86
52.05,1948.26
52.1,1949.66
52.15,1951.05
52.2,1952.45
52.25,1953.85
52.3,1955.24
52.35,1956.64
52.4,1958.04
52.45,1959.43
52.5,1960.83
52.55,1962.23
52.6,1963.62
52.65,1965.02
52.7,1966.42
52.75,1967.81
52.8,1969.21
52.85,1970.61
52.9,1972
52.95,1973.4
53,1974.8
53.05,1976.19
53.1,1977.59
53.15,1978.99
53.2,1980.38
53.25,1981.78
53.3,1983.18
53.35,1984.57
53.4,1985.97
53.45,1987.37
53.5,1988.76
53.55,1990.16
53.6,1991.56
53.65,1992.95
53.7,1994.35
53.75,1995.75
53.8,1997.14
53.85,1998.54
53.9,1999.94
53.95,2001.33
54,2002.73
54.05,2004.13
54.1,2005.52
54.15,2006.92
54.2,2008.32
54.25,2009.71
54.3,2011.11
54.35,2012.51
54.4,2013.9
54.45,2015.3
54.5,2016.7
54.55,2018.09
54.6,2019.49
54.65,2020.89
54.7,2022.28
54.75,2023.68
54.8,2025.08
54.85,2026.47
54.9,2027.87
54.95,2029.27
55,2030.66
55.05,2032.06
55.1,2033.46
55.15,2034.85
55.2,2036.25
55.25,2037.65
55.3,2039.04
55.35,2040.44
55.4,2041.83
55.45,2043.23
55.5,2044.63
55.55,2046.02
55.6,2047.42
55.65,2048.82
55.7,2050.21
55.75,2051.61
55.8,2053.01
55.85,2054.4
55.9,2055.8
55.95,2057.2
56,2058.59
56.05,2059.99
56.1,2061.39
56.15,2062.78
56.2,2064.18
56.25,2065.58
56.3,2066.97
56.35,2068.37
56.4,2069.77
56.45,2071.16
56.5,2072.56
56.55,2073.96
56.6,2075.35
56.65,2076.75
56.7,2078.15
56.75,2079.54
56.8,2080.94
56.85,2082.34
56.9,2083.73
56.95,2085.13
57,2086.53
57.05,2087.92
57.1,2089.32
57.15,2090.72
57.2,2092.11
57.25,2093.51
57.3,2094.91
57.35,2096.3
57.4,2097.7
57.45,2099.1
57.5,2100.49
57.55,2101.89
57.6,2103.29
57.65,2104.68
57.7,2106.08
57.75,2107.48
57.8,2108.87
57.85,2110.27
57.9,2111.67
57.95,2113.06
58,2114.46
58.05,2115.86
58.1,2117.25
58.15,2118.65
58.2,2120.05
58.25,2121.44
58.3,2122.84
58.35,2124.24
58.4,2125.63
58.45,2127.03
58.5,2128.43
58.55,2129.82
58.6,2131.22
58.65,2132.62
58.7,2134.01
58.75,2135.41
58.8,2136.81
58.85,2138.2
58.9,2139.6
58.95,2141
59,2142.39
59.05,2143.79
59.1,2145.19
59.15,2146.58
59.2,2147.98
59.25,2149.38
59.3,2150.77
59.35,2152.17
59.4,2153.56
59.45,2154.96
59.5,2156.36
59.55,2157.75
59.6,2159.15
59.65,2160.55
59.7,2161.94
59.75,2163.34
59.8,2164.74
59.85,2166.13
59.9,2167.53
59.95,2168.93
60,2170.32
60.05,2171.72
60.1,2173.12
60.15,2174.51
60.2,2175.91
60.25,2177.31
60.3,2178.7
60.35,2180.1
60.4,2181.5
60.45,2182.89
60.5,2184.29
60.55,2185.69
60.6,2187.08
60.65,2188.48
60.7,2189.88
60.75,2191.27
60.8,2192.67
60.85,2194.07
60.9,2195.46
60.95,2196.86
61,2198.26
61.05,2199.65
61.1,2201.05
61.15,2202.45
61.2,2203.84
61.25,2205.24
61.3,2206.64
61.35,2208.03
61.4,2209.43
61.45,2210.83
61.5,2212.22
61.55,2213.62
61.6,2215.02
61.65,2216.41
61.7,2217.81
61.75,2219.21
61.8,2220.6
61.85,2222
61.9,2223.4
61.95,2224.79
62,2226.19
62.05,2227.59
62.1,2228.98
62.15,2230.38
62.2,2231.78
62.25,2233.17
62.3,2234.57
62.35,2235.97
62.4,2237.36
62.45,2238.76
62.5,2240.16
62.55,2241.55
62.6,2242.95
62.65,2244.35
62.7,2245.74
62.75,2247.14
62.8,2248.53
62.85,2249.93
62.9,2251.33
62.95,2252.72
63,2254.12
63.05,2255.52
63.1,2256.91
63.15,2258.31
63.2,2259.71
63.25,2261.1
63.3,2262.5
63.35,2263.9
63.4,2265.29
63.45,2266.69
63.5,2268.09
63.55,2269.48
63.6,2270.88
63.65,2272.28
63.7,2273.67
63.75,2275.07
63.8,2276.47
63.85,2277.86
63.9,2279.26
63.95,2280.66
64,2282.05
64.05,2283.45
64.1,2284.85
64.15,2286.24
64.2,2287.64
64.25,2289.04
64.3,2290.43
64.35,2291.83
64.4,2293.23
64.45,2294.62
64.5,2296.02
64.55,2297.42
64.6,2298.81
64.65,2300.21
64.7,2301.61
64.75,2303
64.8,2304.4
64.85,2305.8
64.9,2307.19
64.95,2308.59
65,2309.99
65.05,2311.38
65.1,2312.78
65.15,2314.18
65.2,2315.57
65.25,2316.97
65.3,2318.37
65.35,2319.76
65.4,2321.16
65.45,2322.56
65.5,2323.95
65.55,2325.35
65.6,2326.75
65.65,2328.14
65.7,2329.54
65.75,2330.93
65.8,2332.33
65.85,2333.73
65.9,2335.12
65.95,2336.52
66,2337.92
66.05,2339.31
66.1,2340.71
66.15,2342.11
66.2,2343.5
66.25,2344.9
66.3,2346.3
66.35,2347.69
66.4,2349.09
66.45,2350.49
66.5,2351.88
66.55,2353.28
66.6,2354.68
66.65,2356.07
66.7,2357.47
66.75,2358.87
66.8,2360.26
66.85,2361.66
66.9,2363.06
66.95,2364.45
67,2365.85
67.05,2367.25
67.1,2368.64
67.15,2370.04
67.2,2371.44
67.25,2372.83
67.3,2374.23
67.35,2375.63
67.4,2377.02
67.45,2378.42
67.5,2379.82
67.55,2381.21
67.6,2382.61
67.65,2384.01
67.7,2385.4
67.75,2386.8
67.8,2388.2
67.85,2389.59
67.9,2390.99
67.95,2392.39
68,2393.78
68.05,2395.18
68.1,2396.58
68.15,2397.97
68.2,2399.37
68.25,2400.77
68.3,2402.16
68.35,2403.56
68.4,2404.96
68.45,2406.35
68.5,2407.75
68.55,2409.14
68.6,2410.54
68.65,2411.94
68.7,2413.33
68.75,2414.73
68.8,2416.13
68.85,2417.52
68.9,2418.92
68.95,2420.32
69,2421.71
69.05,2423.11
69.1,2424.51
69.15,2425.9
69.2,2427.3
69.25,2428.7
69.3,2430.09
69.35,2431.49
69.4,2432.89
69.45,2434.28
69.5,2435.68
69.55,2437.08
69.6,2438.47
69.65,2439.87
69.7,2441.27
69.75,2442.66
69.8,2444.06
69.85,2445.46
69.9,2446.85
69.95,2448.25
70,2449.65
70.05,2451.04
70.1,2452.44
70.15,2453.84
70.2,2455.23
70.25,2456.63
70.3,2458.03
70.35,2459.42
70.4,2460.82
70.45,2462.22
70.5,2463.61
70.55,2465.01
70.6,2466.41
70.65,2467.8
70.7,2469.2
70.75,2470.6
70.8,2471.99
70.85,2473.39
70.9,2474.79
70.95,2476.18
71,2477.58
71.05,2478.97
71.1,2480.37
71.15,2481.77
71.2,2483.16
71.25,2484.56
71.3,2485.96
71.35,2487.35
71.4,2488.75
71.45,2490.15
71.5,2491.54
71.55,2492.94
71.6,2494.34
71.65,2495.73
71.7,2497.13
71.75,2498.53
71.8,2499.92
71.85,2501.32
71.9,2502.72
71.95,2504.11
72,2505.51
72.05,2506.91
72.1,2508.3
72.15,2509.7
72.2,2511.1
72.25,2512.49
72.3,2513.89
72.35,2515.29
72.4,2516.68
72.45,2518.08
72.5,2519.48
72.55,2520.87
72.6,2522.27
72.65,2523.67
72.7,2525.06
72.75,2526.46
72.8,2527.86
72.85,2529.25
72.9,2530.65
72.95,2532.05
73,2533.44
73.05,2534.84
73.1,2536.24
73.15,2537.63
73.2,2539.03
73.25,2540.43
73.3,2541.82
73.35,2543.22
73.4,2544.61
73.45,2546.01
73.5,2547.41
73.55,2548.8
73.6,2550.2
73.65,2551.6
73.7,2552.99
73.75,2554.39
73.8,2555.79
73.85,2557.18
73.9,2558.58
73.95,2559.98
74,2561.37
74.05,2562.77
74.1,2564.17
74.15,2565.56
74.2,2566.96
74.25,2568.36
74.3,2569.75
74.35,2571.15
74.4,2572.55
74.45,2573.94
74.5,2575.34
74.55,2576.74
74.6,2578.13
74.65,2579.53
74.7,2580.93
74.75,2582.32
74.8,2583.72
74.85,2585.12
74.9,2586.51
74.95,2587.91
75,2589.31
75.05,2590.7
75.1,2592.1
75.15,2593.5
75.2,2594.89
75.25,2596.29
75.3,2597.69
75.35,2599.08
75.4,2600.48
75.45,2601.88
75.5,2603.27
75.55,2604.67
75.6,2606.07
75.65,2607.46
75.7,2608.86
75.75,2610.25
75.8,2611.65
75.85,2613.05
75.9,2614.44
75.95,2615.84
76,2617.24
76.05,2618.63
76.1,2620.03
76.15,2621.43
76.2,2622.82
76.25,2624.22
76.3,2625.62
76.35,2627.01
76.4,2628.41
76.45,2629.81
76.5,2631.2
76.55,2632.6
76.6,2634
76.65,2635.39
76.7,2636.79
76.75,2638.19
76.8,2639.58
76.85,2640.98
76.9,2642.38
76.95,2643.77
77,2645.17
77.05,2646.57
77.1,2647.96
77.15,2649.36
77.2,2650.76
77.25,2652.15
77.3,2653.55
77.35,2654.95
77.4,2656.34
77.45,2657.74
77.5,2659.14
77.55,2660.53
77.6,2661.93
77.65,2663.33
77.7,2664.72
77.75,2666.12
77.8,2667.51
77.85,2668.91
77.9,2670.31
77.95,2671.7
78,2673.1
78.05,2674.5
78.1,2675.89
78.15,2677.29
78.2,2678.69
78.25,2680.08
78.3,2681.48
78.35,2682.88
78.4,2684.27
78.45,2685.67
78.5,2687.07
78.55,2688.46
78.6,2689.86
78.65,2691.26
78.7,2692.65
78.75,2694.05
78.8,2695.45
78.85,2696.84
78.9,2698.24
78.95,2699.64
79,2701.03
79.05,2702.43
79.1,2703.83
79.15,2705.22
79.2,2706.62
79.25,2708.02
79.3,2709.41
79.35,2710.81
79.4,2712.21
79.45,2713.6
79.5,2715
79.55,2716.4
79.6,2717.79
79.65,2719.19
79.7,2720.59
79.75,2721.98
79.8,2723.38
79.85,2724.77
79.9,2726.17
79.95,2727.57
80,2728.96
80.05,2730.36
80.1,2731.76
80.15,2733.15
80.2,2734.55
80.25,2735.95
80.3,2737.34
80.35,2738.74
80.4,2740.14
80.45,2741.53
80.5,2742.93
80.55,2744.33
80.6,2745.72
80.65,2747.12
80.7,2748.52
80.75,2749.91
80.8,2751.31
80.85,2752.71
80.9,2754.1
80.95,2755.5
81,2756.9
81.05,2758.29
81.1,2759.69
81.15,2761.09
81.2,2762.48
81.25,2763.88
81.3,2765.28
81.35,2766.67
81.4,2768.07
81.45,2769.47
81.5,2770.86
81.55,2772.26
81.6,2773.66
81.65,2775.05
81.7,2776.45
81.75,2777.84
81.8,2779.24
81.85,2780.64
81.9,2782.03
81.95,2783.43
82,2784.83
82.05,2786.22
82.1,2787.62
82.15,2789.02
82.2,2790.41
82.25,2791.81
82.3,2793.21
82.35,2794.6
82.4,2796
82.45,2797.4
82.5,2798.79
82.55,2800.19
82.6,2801.59
82.65,2802.98
82.7,2804.38
82.75,2805.78
82.8,2807.17
82.85,2808.57
82.9,2809.97
82.95,2811.36
83,2812.76
83.05,2814.16
83.1,2815.55
83.15,2816.95
83.2,2818.35
83.25,2819.74
83.3,2821.14
83.35,2822.54
83.4,2823.93
83.45,2825.33
83.5,2826.72
83.55,2828.12
83.6,2829.52
83.65,2830.91
83.7,2832.31
83.75,2833.71
83.8,2835.1
83.85,2836.5
83.9,2837.9
83.95,2839.29
84,2840.69
84.05,2842.09
84.1,2843.48
84.15,2844.88
84.2,2846.28
84.25,2847.67
84.3,2849.07
84.35,2850.47
84.4,2851.86
84.45,2853.26
84.5,2854.66
84.55,2856.05
84.6,2857.45
84.65,2858.85
84.7,2860.24
84.75,2861.64
84.8,2863.04
84.85,2864.43
84.9,2865.83
84.95,2867.23
85,2868.62
85.05,2870.02
85.1,2871.42
85.15,2872.81
85.2,2874.21
85.25,2875.61
85.3,2877
85.35,2878.4
85.4,2879.79
85.45,2881.19
85.5,2882.59
85.55,2883.98
85.6,2885.38
85.65,2886.78
85.7,2888.17
85.75,2889.57
85.8,2890.97
85.85,2892.36
85.9,2893.76
85.95,2895.16
86,2896.55
86.05,2897.95
86.1,2899.35
86.15,2900.74
86.2,2902.14
86.25,2903.54
86.3,2904.93
86.35,2906.33
86.4,2907.73
86.45,2909.12
86.5,2910.52
86.55,2911.92
86.6,2913.31
86.65,2914.71
86.7,2916.11
86.75,2917.5
86.8,2918.9
86.85,2920.3
86.9,2921.69
86.95,2923.09
87,2924.48
87.05,2925.88
87.1,2927.28
87.15,2928.67
87.2,2930.07
87.25,2931.47
87.3,2932.86
87.35,2934.26
87.4,2935.66
87.45,2937.05
87.5,2938.45
87.55,2939.85
87.6,2941.24
87.65,2942.64
87.7,2944.04
87.75,2945.43
87.8,2946.83
87.85,2948.23
87.9,2949.62
87.95,2951.02
88,2952.42
88.05,2953.81
88.1,2955.21
88.15,2956.61
88.2,2958
88.25,2959.4
88.3,2960.8
88.35,2962.19
88.4,2963.59
88.45,2964.99
88.5,2966.38
88.55,2967.78
88.6,2969.18
88.65,2970.57
88.7,2971.97
88.75,2973.36
88.8,2974.76
88.85,2976.16
88.9,2977.55
88.95,2978.95
89,2980.35
89.05,2981.74
89.1,2983.14
89.15,2984.54
89.2,2985.93
89.25,2987.33
89.3,2988.73
89.35,2990.12
89.4,2991.52
89.45,2992.92
89.5,2994.31
89.55,2995.71
89.6,2997.11
89.65,2998.5
89.7,2999.9
89.75,3001.3
89.8,3002.69
89.85,3004.09
89.9,3005.49
89.95,3006.88
90,3008.28
90.05,3009.68
90.1,3011.07
90.15,3012.47
90.2,3013.87
90.25,3015.26
90.3,3016.66
90.35,3018.05
90.4,3019.45
90.45,3020.85
90.5,3022.24
90.55,3023.64
90.6,3025.04
90.65,3026.43
90.7,3027.83
90.75,3029.23
90.8,3030.62
90.85,3032.02
90.9,3033.42
90.95,3034.81
91,3036.21
91.05,3037.61
91.1,3039
91.15,3040.4
91.2,3041.8
91.25,3043.19
91.3,3044.59
91.35,3045.99
91.4,3047.38
91.45,3048.78
91.5,3050.18
91.55,3051.57
91.6,3052.97
91.65,3054.37
91.7,3055.76
91.75,3057.16
91.8,3058.56
91.85,3059.95
91.9,3061.35
91.95,3062.74
92,3064.14
92.05,3065.54
92.1,3066.93
92.15,3068.33
92.2,3069.73
92.25,3071.12
92.3,3072.52
92.35,3073.92
92.4,3075.31
92.45,3076.71
92.5,3078.11
92.55,3079.5
92.6,3080.9
92.65,3082.3
92.7,3083.69
92.75,3085.09
92.8,3086.49
92.85,3087.88
92.9,3089.28
92.95,3090.68
93,3092.07
93.05,3093.47
93.1,3094.87
93.15,3096.26
93.2,3097.66
93.25,3099.06
93.3,3100.45
93.35,3101.85
93.4,3103.24
93.45,3104.64
93.5,3106.04
93.55,3107.43
93.6,3108.83
93.65,3110.23
93.7,3111.62
93.75,3113.02
93.8,3114.42
93.85,3115.81
93.9,3117.21
93.95,3118.61
94,3120
94.05,3121.4
94.1,3122.8
94.15,3124.19
94.2,3125.59
94.25,3126.99
94.3,3128.38
94.35,3129.78
94.4,3131.18
94.45,3132.57
94.5,3133.97
94.55,3135.37
94.6,3136.76
94.65,3138.16
94.7,3139.56
94.75,3140.95
94.8,3142.35
94.85,3143.74
94.9,3145.14
94.95,3146.54
95,3147.93
95.05,3149.33
95.1,3150.73
95.15,3152.12
95.2,3153.52
95.25,3154.92
95.3,3156.31
95.35,3157.71
95.4,3159.11
95.45,3160.5
95.5,3161.9
95.55,3163.3
95.6,3164.69
95.65,3166.09
95.7,3167.49
95.75,3168.88
95.8,3170.28
95.85,3171.68
95.9,3173.07
95.95,3174.47
96,3175.87
96.05,3177.26
96.1,3178.66
96.15,3180.06
96.2,3181.45
96.25,3182.85
96.3,3184.24
96.35,3185.64
96.4,3187.04
96.45,3188.43
96.5,3189.83
96.55,3191.23
96.6,3192.62
96.65,3194.02
96.7,3195.42
96.75,3196.81
96.8,3198.21
96.85,3199.61
96.9,3201
96.95,3202.4
97,3203.8
97.05,3205.19
97.1,3206.59
97.15,3207.99
97.2,3209.38
97.25,3210.78
97.3,3212.18
97.35,3213.57
97.4,3214.97
97.45,3216.37
97.5,3217.76
97.55,3219.16
97.6,3220.56
97.65,3221.95
97.7,3223.35
97.75,3224.74
97.8,3226.14
97.85,3227.54
97.9,3228.93
97.95,3230.33
98,3231.73
98.05,3233.12
98.1,3234.52
98.15,3235.92
98.2,3237.31
98.25,3238.71
98.3,3240.11
98.35,3241.5
98.4,3242.9
98.45,3244.3
98.5,3245.69
98.55,3247.09
98.6,3248.49
98.65,3249.88
98.7,3251.28
98.75,3252.68
98.8,3254.07
98.85,3255.47
98.9,3256.87
98.95,3258.26
99,3259.66
99.05,3261.06
99.1,3262.45
99.15,3263.85
99.2,3265.24
99.25,3266.64
99.3,3268.04
99.35,3269.43
99.4,3270.83
99.45,3272.23
99.5,3273.62
99.55,3275.02
99.6,3276.42
99.65,3277.81
99.7,3279.21
99.75,3280.61
99.8,3282
99.85,3283.4
99.9,3284.8
99.95,3286.19
100,3287.59
100.05,3288.99
100.1,3290.38
100.15,3291.78
100.2,3293.18
100.25,3294.57
100.3,3295.97
100.35,3297.37
100.4,3298.76
100.45,3300.16
100.5,3301.55
100.55,3302.95
100.6,3304.35
100.65,3305.74
100.7,3307.14
100.75,3308.54
100.8,3309.93
100.85,3311.33
100.9,3312.73
100.95,3314.12
101,3315.52
101.05,3316.92
101.1,3318.31
101.15,3319.71
101.2,3321.11
101.25,3322.5
101.3,3323.9
101.35,3325.3
101.4,3326.69
101.45,3328.09
101.5,3329.49
101.55,3330.88
101.6,3332.28
101.65,3333.68
101.7,3335.07
101.75,3336.47
101.8,3337.86
101.85,3339.26
101.9,3340.66
101.95,3342.05
102,3343.45
102.05,3344.85
102.1,3346.24
102.15,3347.64
102.2,3349.04
102.25,3350.43
102.3,3351.83
102.35,3353.23
102.4,3354.62
102.45,3356.02
102.5,3357.42
102.55,3358.81
102.6,3360.21
102.65,3361.61
102.7,3363
102.75,3364.4
102.8,3365.8
102.85,3367.19
102.9,3368.59
102.95,3369.99
103,3371.38
103.05,3372.78
103.1,3374.17
103.15,3375.57
103.2,3376.97
103.25,3378.36
103.3,3379.76
103.35,3381.16
103.4,3382.55
103.45,3383.95
103.5,3385.35
103.55,3386.74
103.6,3388.14
103.65,3389.54
103.7,3390.93
103.75,3392.33
103.8,3393.73
103.85,3395.12
103.9,3396.52
103.95,3397.92
104,3399.31
104.05,3400.71
104.1,3402.11
104.15,3403.5
104.2,3404.9
104.25,3406.3
104.3,3407.69
104.35,3409.09
104.4,3410.48
104.45,3411.88
104.5,3413.28
104.55,3414.67
104.6,3416.07
104.65,3417.47
104.7,3418.86
104.75,3420.26
104.8,3421.66
104.85,3423.05
104.9,3424.45
104.95,3425.85
105,3427.24
105.05,3428.64
105.1,3430.04
105.15,3431.43
105.2,3432.83
105.25,3434.23
105.3,3435.62
105.35,3437.02
105.4,3438.42
105.45,3439.81
105.5,3441.21
105.55,3442.61
105.6,3444
105.65,3445.4
105.7,3446.79
105.75,3448.19
105.8,3449.59
105.85,3450.98
105.9,3452.38
105.95,3453.78
106,3455.17
106.05,3456.57
106.1,3457.97
106.15,3459.36
106.2,3460.76
106.25,3462.16
106.3,3463.55
106.35,3464.95
106.4,3466.35
106.45,3467.74
106.5,3469.14
106.55,3470.54
106.6,3471.93
106.65,3473.33
106.7,3474.73
106.75,3476.12
106.8,3477.52
106.85,3478.91
106.9,3480.31
106.95,3481.71
107,3483.1
107.05,3484.5
107.1,3485.9
107.15,3487.29
107.2,3488.69
107.25,3490.09
107.3,3491.48
107.35,3492.88
107.4,3494.28
107.45,3495.67
107.5,3497.07
107.55,3498.47
107.6,3499.86
107.65,3501.26
107.7,3502.66
107.75,3504.05
107.8,3505.45
107.85,3506.85
107.9,3508.24
107.95,3509.64
108,3511.04
108.05,3512.43
108.1,3513.83
108.15,3515.22
108.2,3516.62
108.25,3518.02
108.3,3519.41
108.35,3520.81
108.4,3522.21
108.45,3523.6
108.5,3525
108.55,3526.4
108.6,3527.79
108.65,3529.19
108.7,3530.59
108.75,3531.98
108.8,3533.38
108.85,3534.78
108.9,3536.17
108.95,3537.57
109,3538.97
109.05,3540.36
109.1,3541.76
109.15,3543.16
109.2,3544.55
109.25,3545.95
109.3,3547.34
109.35,3548.74
109.4,3550.14
109.45,3551.53
109.5,3552.93
109.55,3554.33
109.6,3555.72
109.65,3557.12
109.7,3558.52
109.75,3559.91
109.8,3561.31
109.85,3562.71
109.9,3564.1
109.95,3565.5
110,3566.9
110.05,3568.29
110.1,3569.69
110.15,3571.09
110.2,3572.48
110.25,3573.88
110.3,3575.28
110.35,3576.67
110.4,3578.07
110.45,3579.46
110.5,3580.86
110.55,3582.26
110.6,3583.65
110.65,3585.05
110.7,3586.45
110.75,3587.84
110.8,3589.24
110.85,3590.64
110.9,3592.03
110.95,3593.43
111,3594.83
111.05,3596.22
111.1,3597.62
111.15,3599.02
111.2,3600.41
111.25,3601.81
111.3,3603.21
111.35,3604.6
111.4,3606
111.45,3607.4
111.5,3608.79
111.55,3610.19
111.6,3611.58
111.65,3612.98
111.7,3614.38
111.75,3615.77
111.8,3617.17
111.85,3618.57
111.9,3619.96
111.95,3621.36
112,3622.76
112.05,3624.15
112.1,3625.55
112.15,3626.95
112.2,3628.34
112.25,3629.74
112.3,3631.14
112.35,3632.53
112.4,3633.93
112.45,3635.33
112.5,3636.72
112.55,3638.12
112.6,3639.52
112.65,3640.91
112.7,3642.31
112.75,3643.7
112.8,3645.1
112.85,3646.5
112.9,3647.89
112.95,3649.29
113,3650.69
113.05,3652.08
113.1,3653.48
113.15,3654.88
113.2,3656.27
113.25,3657.67
113.3,3659.07
113.35,3660.46
113.4,3661.86
113.45,3663.26
113.5,3664.65
113.55,3666.05
113.6,3667.45
113.65,3668.84
113.7,3670.24
113.75,3671.64
113.8,3673.03
113.85,3674.43
113.9,3675.82
113.95,3677.22
114,3678.62
114.05,3680.01
114.1,3681.41
114.15,3682.81
114.2,3684.2
114.25,3685.6
114.3,3687
114.35,3688.39
114.4,3689.79
114.45,3691.19
114.5,3692.58
114.55,3693.98
114.6,3695.38
114.65,3696.77
114.7,3698.17
114.75,3699.57
114.8,3700.96
114.85,3702.36
114.9,3703.76
114.95,3705.15
115,3706.55
115.05,3707.94
115.1,3709.34
115.15,3710.74
115.2,3712.13
115.25,3713.53
115.3,3714.93
115.35,3716.32
115.4,3717.72
115.45,3719.12
115.5,3720.51
115.55,3721.91
115.6,3723.31
115.65,3724.7
115.7,3726.1
115.75,3727.5
115.8,3728.89
115.85,3730.29
115.9,3731.69
115.95,3733.08
116,3734.48
116.05,3735.87
116.1,3737.27
116.15,3738.67
116.2,3740.06
116.25,3741.46
116.3,3742.86
116.35,3744.25
116.4,3745.65
116.45,3747.05
116.5,3748.44
116.55,3749.84
116.6,3751.24
116.65,3752.63
116.7,3754.03
116.75,3755.43
116.8,3756.82
116.85,3758.22
116.9,3759.62
116.95,3761.01
117,3762.41
117.05,3763.81
117.1,3765.2
117.15,3766.6
117.2,3767.99
117.25,3769.39
117.3,3770.79
117.35,3772.18
117.4,3773.58
117.45,3774.98
117.5,3776.37
117.55,3777.77
117.6,3779.17
117.65,3780.56
117.7,3781.96
117.75,3783.36
117.8,3784.75
117.85,3786.15
117.9,3787.55
117.95,3788.94
118,3790.34
118.05,3791.74
118.1,3793.13
118.15,3794.53
118.2,3795.92
118.25,3797.32
118.3,3798.72
118.35,3800.11
118.4,3801.51
118.45,3802.91
118.5,3804.3
118.55,3805.7
118.6,3807.1
118.65,3808.49
118.7,3809.89
118.75,3811.29
118.8,3812.68
118.85,3814.08
118.9,3815.48
118.95,3816.87
119,3818.27
119.05,3819.67
119.1,3821.06
119.15,3822.46
119.2,3823.86
119.25,3825.25
119.3,3826.65
119.35,3828.04
119.4,3829.44
119.45,3830.84
119.5,3832.23
119.55,3833.63
119.6,3835.03
119.65,3836.42
119.7,3837.82
119.75,3839.22
119.8,3840.61
119.85,3842.01
119.9,3843.41
119.95,3844.8
120,3846.2
120.05,3847.6
120.1,3848.99
120.15,3850.39
120.2,3851.79
120.25,3853.18
120.3,3854.58
120.35,3855.97
120.4,3857.37
120.45,3858.77
120.5,3860.16
120.55,3861.56
120.6,3862.96
120.65,3864.35
120.7,3865.75
120.75,3867.15
120.8,3868.54
120.85,3869.94
120.9,3871.34
120.95,3872.73
121,3874.13
121.05,3875.53
121.1,3876.92
121.15,3878.32
121.2,3879.72
121.25,3881.11
121.3,3882.51
121.35,3883.9
121.4,3885.3
121.45,3886.7
121.5,3888.09
121.55,3889.49
121.6,3890.89
121.65,3892.28
121.7,3893.68
121.75,3895.08
121.8,3896.47
121.85,3897.87
121.9,3899.27
121.95,3900.66
122,3902.06
122.05,3903.46
122.1,3904.85
122.15,3906.25
122.2,3907.65
122.25,3909.04
122.3,3910.44
122.35,3911.83
122.4,3913.23
122.45,3914.63
122.5,3916.02
122.55,3917.42
122.6,3918.82
122.65,3920.21
122.7,3921.61
122.75,3923.01
122.8,3924.4
122.85,3925.8
122.9,3927.2
122.95,3928.59
123,3929.99
123.05,3931.39
123.1,3932.78
123.15,3934.18
123.2,3935.58
123.25,3936.97
123.3,3938.37
123.35,3939.76
123.4,3941.16
123.45,3942.56
123.5,3943.95
123.55,3945.35
123.6,3946.75
123.65,3948.14
123.7,3949.54
123.75,3950.94
123.8,3952.33
123.85,3953.73
123.9,3955.13
123.95,3956.52
124,3957.92
124.05,3959.32
124.1,3960.71
124.15,3962.11
124.2,3963.51
124.25,3964.9
124.3,3966.3
124.35,3967.69
124.4,3969.09
124.45,3970.49
124.5,3971.88
124.55,3973.28
124.6,3974.68
124.65,3976.07
124.7,3977.47
124.75,3978.87
124.8,3980.26
124.85,3981.66
124.9,3983.06
124.95,3984.45
125,3985.85
125.05,3987.25
125.1,3988.64
125.15,3990.04
125.2,3991.44
125.25,3992.83
125.3,3994.23
125.35,3995.62
125.4,3997.02
125.45,3998.42
125.5,3999.81
125.55,4001.21
125.6,4002.61
125.65,4004
125.7,4005.4
125.75,4006.8
125.8,4008.19
125.85,4009.59
125.9,4010.99
125.95,4012.38
126,4013.78
126.05,4015.18
126.1,4016.57
126.15,4017.97
126.2,4019.37
126.25,4020.76
126.3,4022.16
126.35,4023.55
126.4,4024.95
126.45,4026.35
126.5,4027.74
126.55,4029.14
126.6,4030.54
126.65,4031.93
126.7,4033.33
126.75,4034.73
126.8,4036.12
126.85,4037.52
126.9,4038.92
126.95,4040.31
127,4041.71
127.05,4043.11
127.1,4044.5
127.15,4045.9
127.2,4047.29
127.25,4048.69
127.3,4050.09
127.35,4051.48
127.4,4052.88
127.45,4054.28
127.5,4055.67
127.55,4057.07
127.6,4058.47
127.65,4059.86
127.7,4061.26
127.75,4062.66
127.8,4064.05
127.85,4065.45
127.9,4066.85
127.95,4068.24
128,4069.64
128.05,4071.04
128.1,4072.43
128.15,4073.83
128.2,4075.22
128.25,4076.62
128.3,4078.02
128.35,4079.41
128.4,4080.81
128.45,4082.21
128.5,4083.6
128.55,4085
128.6,4086.4
128.65,4087.79
128.7,4089.19
128.75,4090.59
128.8,4091.98
128.85,4093.38
128.9,4094.78
128.95,4096.17
129,4097.57
129.05,4098.97
129.1,4100.36
129.15,4101.76
129.2,4103.15
129.25,4104.55
129.3,4105.95
129.35,4107.34
129.4,4108.74
129.45,4110.14
129.5,4111.53
129.55,4112.93
129.6,4114.33
129.65,4115.72
129.7,4117.12
129.75,4118.52
129.8,4119.91
129.85,4121.31
129.9,4122.71
129.95,4124.1
130,4125.5
130.05,4126.89
130.1,4128.29
130.15,4129.69
130.2,4131.08
130.25,4132.48
130.3,4133.88
130.35,4135.27
130.4,4136.67
130.45,4138.07
130.5,4139.46
130.55,4140.86
130.6,4142.26
130.65,4143.65
130.7,4145.05
130.75,4146.45
130.8,4147.84
130.85,4149.24
130.9,4150.64
130.95,4152.03
131,4153.43
131.05,4154.82
131.1,4156.22
131.15,4157.62
131.2,4159.01
131.25,4160.41
131.3,4161.81
131.35,4163.2
131.4,4164.6
131.45,4166
131.5,4167.39
131.55,4168.79
131.6,4170.19
131.65,4171.58
131.7,4172.98
131.75,4174.38
131.8,4175.77
131.85,4177.17
131.9,4178.56
131.95,4179.96
132,4181.36
132.05,4182.75
132.1,4184.15
132.15,4185.55
132.2,4186.94
132.25,4188.34
132.3,4189.74
132.35,4191.13
132.4,4192.53
132.45,4193.93
132.5,4195.32
132.55,4196.72
132.6,4198.12
132.65,4199.51
132.7,4200.91
132.75,4202.3
132.8,4203.7
132.85,4205.1
132.9,4206.49
132.95,4207.89
133,4209.29
133.05,4210.68
133.1,4212.08
133.15,4213.48
133.2,4214.87
133.25,4216.27
133.3,4217.67
133.35,4219.06
133.4,4220.46
133.45,4221.86
133.5,4223.25
133.55,4224.65
133.6,4226.05
133.65,4227.44
133.7,4228.84
133.75,4230.23
133.8,4231.63
133.85,4233.03
133.9,4234.42
133.95,4235.82
134,4237.22
134.05,4238.61
134.1,4240.01
134.15,4241.41
134.2,4242.8
134.25,4244.2
134.3,4245.6
134.35,4246.99
134.4,4248.39
134.45,4249.79
134.5,4251.18
134.55,4252.58
134.6,4253.97
134.65,4255.37
134.7,4256.77
134.75,4258.16
134.8,4259.56
134.85,4260.96
134.9,4262.35
134.95,4263.75
135,4265.15
135.05,4266.54
135.1,4267.94
135.15,4269.34
135.2,4270.73
135.25,4272.13
135.3,4273.53
135.35,4274.92
135.4,4276.32
135.45,4277.71
135.5,4279.11
135.55,4280.51
135.6,4281.9
135.65,4283.3
135.7,4284.7
135.75,4286.09
135.8,4287.49
135.85,4288.89
135.9,4290.28
135.95,4291.68
136,4293.08
136.05,4294.47
136.1,4295.87
136.15,4297.27
136.2,4298.66
136.25,4300.06
136.3,4301.45
136.35,4302.85
136.4,4304.25
136.45,4305.64
136.5,4307.04
136.55,4308.44
136.6,4309.83
136.65,4311.23
136.7,4312.63
136.75,4314.02
136.8,4315.42
136.85,4316.82
136.9,4318.21
136.95,4319.61
137,4321.01
137.05,4322.4
137.1,4323.8
137.15,4325.19
137.2,4326.59
137.25,4327.99
137.3,4329.38
137.35,4330.78
137.4,4332.18
137.45,4333.57
137.5,4334.97
137.55,4336.37
137.6,4337.76
137.65,4339.16
137.7,4340.56
137.75,4341.95
137.8,4343.35
137.85,4344.75
137.9,4346.14
137.95,4347.54
138,4348.94
138.05,4350.33
138.1,4351.73
138.15,4353.12
138.2,4354.52
138.25,4355.92
138.3,4357.31
138.35,4358.71
138.4,4360.11
138.45,4361.5
138.5,4362.9
138.55,4364.3
138.6,4365.69
138.65,4367.09
138.7,4368.49
138.75,4369.88
138.8,4371.28
138.85,4372.68
138.9,4374.07
138.95,4375.47
139,4376.86
139.05,4378.26
139.1,4379.66
139.15,4381.05
139.2,4382.45
139.25,4383.85
139.3,4385.24
139.35,4386.64
139.4,4388.04
139.45,4389.43
139.5,4390.83
139.55,4392.23
139.6,4393.62
139.65,4395.02
139.7,4396.41
139.75,4397.81
139.8,4399.21
139.85,4400.6
139.9,4402
139.95,4403.4
140,4404.79
140.05,4406.19
140.1,4407.59
140.15,4408.98
140.2,4410.38
140.25,4411.78
140.3,4413.17
140.35,4414.57
140.4,4415.97
140.45,4417.36
140.5,4418.76
140.55,4420.15
140.6,4421.55
140.65,4422.95
140.7,4424.34
140.75,4425.74
140.8,4427.14
140.85,4428.53
140.9,4429.93
140.95,4431.33
141,4432.72
141.05,4434.12
141.1,4435.52
141.15,4436.91
141.2,4438.31
141.25,4439.71
141.3,4441.1
141.35,4442.5
141.4,4443.89
141.45,4445.29
141.5,4446.69
141.55,4448.08
141.6,4449.48
141.65,4450.88
141.7,4452.27
141.75,4453.67
141.8,4455.07
141.85,4456.46
141.9,4457.86
141.95,4459.26
142,4460.65
142.05,4462.05
142.1,4463.45
142.15,4464.84
142.2,4466.24
142.25,4467.63
142.3,4469.03
142.35,4470.43
142.4,4471.82
142.45,4473.22
142.5,4474.62
142.55,4476.01
142.6,4477.41
142.65,4478.81
142.7,4480.2
142.75,4481.6
142.8,4483
142.85,4484.39
142.9,4485.79
142.95,4487.19
143,4488.58
143.05,4489.98
143.1,4491.37
143.15,4492.77
143.2,4494.17
143.25,4495.56
143.3,4496.96
143.35,4498.36
143.4,4499.75
143.45,4501.15
143.5,4502.55
143.55,4503.94
143.6,4505.34
143.65,4506.74
143.7,4508.13
143.75,4509.53
143.8,4510.93
143.85,4512.32
143.9,4513.72
143.95,4515.11
144,4516.51
144.05,4517.91
144.1,4519.3
144.15,4520.7
144.2,4522.1
144.25,4523.49
144.3,4524.89
144.35,4526.29
144.4,4527.68
144.45,4529.08
144.5,4530.48
144.55,4531.87
144.6,4533.27
144.65,4534.66
144.7,4536.06
144.75,4537.46
144.8,4538.85
144.85,4540.25
144.9,4541.65
144.95,4543.04
145,4544.44
145.05,4545.84
145.1,4547.23
145.15,4548.63
145.2,4550.03
145.25,4551.42
145.3,4552.82
145.35,4554.22
145.4,4555.61
145.45,4557.01
145.5,4558.4
145.55,4559.8
145.6,4561.2
145.65,4562.59
145.7,4563.99
145.75,4565.39
145.8,4566.78
145.85,4568.18
145.9,4569.58
145.95,4570.97
146,4572.37
146.05,4573.77
146.1,4575.16
146.15,4576.56
146.2,4577.96
146.25,4579.35
146.3,4580.75
146.35,4582.14
146.4,4583.54
146.45,4584.94
146.5,4586.33
146.55,4587.73
146.6,4589.13
146.65,4590.52
146.7,4591.92
146.75,4593.32
146.8,4594.71
146.85,4596.11
146.9,4597.51
146.95,4598.9
147,4600.3
147.05,4601.69
147.1,4603.09
147.15,4604.49
147.2,4605.88
147.25,4607.28
147.3,4608.68
147.35,4610.07
147.4,4611.47
147.45,4612.87
147.5,4614.26
147.55,4615.66
147.6,4617.06
147.65,4618.45
147.7,4619.85
147.75,4621.25
147.8,4622.64
147.85,4624.04
147.9,4625.43
147.95,4626.83
148,4628.23
148.05,4629.62
148.1,4631.02
148.15,4632.42
148.2,4633.81
148.25,4635.21
148.3,4636.61
148.35,4638
148.4,4639.4
148.45,4640.8
148.5,4642.19
148.55,4643.59
148.6,4644.98
148.65,4646.38
148.7,4647.78
148.75,4649.17
148.8,4650.57
148.85,4651.97
148.9,4653.36
148.95,4654.76
149,4656.16
149.05,4657.55
149.1,4658.95
149.15,4660.35
149.2,4661.74
149.25,4663.14
149.3,4664.54
149.35,4665.93
149.4,4667.33
149.45,4668.72
149.5,4670.12
149.55,4671.52
149.6,4672.91
149.65,4674.31
149.7,4675.71
149.75,4677.1
149.8,4678.5
149.85,4679.9
149.9,4681.29
149.95,4682.69
150,4684.09
150.05,4685.48
150.1,4686.88
150.15,4688.27
150.2,4689.67
150.25,4691.07
150.3,4692.46
150.35,4693.86
150.4,4695.26
150.45,4696.65
150.5,4698.05
150.55,4699.45
150.6,4700.84
150.65,4702.24
150.7,4703.64
150.75,4705.03
150.8,4706.43
150.85,4707.83
150.9,4709.22
150.95,4710.62
151,4712.01
151.05,4713.41
151.1,4714.81
151.15,4716.2
151.2,4717.6
151.25,4719
151.3,4720.39
151.35,4721.79
151.4,4723.19
151.45,4724.58
151.5,4725.98
151.55,4727.38
151.6,4728.77
151.65,4730.17
151.7,4731.56
151.75,4732.96
151.8,4734.36
151.85,4735.75
151.9,4737.15
151.95,4738.55
152,4739.94
152.05,4741.34
152.1,4742.74
152.15,4744.13
152.2,4745.53
152.25,4746.93
152.3,4748.32
152.35,4749.72
152.4,4751.11
152.45,4752.51
152.5,4753.91
152.55,4755.3
152.6,4756.7
152.65,4758.1
152.7,4759.49
152.75,4760.89
152.8,4762.29
152.85,4763.68
152.9,4765.08
152.95,4766.48
153,4767.87
153.05,4769.27
153.1,4770.67
153.15,4772.06
153.2,4773.46
153.25,4774.85
153.3,4776.25
153.35,4777.65
153.4,4779.04
153.45,4780.44
153.5,4781.84
153.55,4783.23
153.6,4784.63
153.65,4786.03
153.7,4787.42
153.75,4788.82
153.8,4790.22
153.85,4791.61
153.9,4793.01
153.95,4794.4
154,4795.8
154.05,4797.2
154.1,4798.59
154.15,4799.99
154.2,4801.39
154.25,4802.78
154.3,4804.18
154.35,4805.58
154.4,4806.97
154.45,4808.37
154.5,4809.77
154.55,4811.16
154.6,4812.56
154.65,4813.95
154.7,4815.35
154.75,4816.75
154.8,4818.14
154.85,4819.54
154.9,4820.94
154.95,4822.33
155,4823.73
155.05,4825.13
155.1,4826.52
155.15,4827.92
155.2,4829.32
155.25,4830.71
155.3,4832.11
155.35,4833.5
155.4,4834.9
155.45,4836.3
155.5,4837.69
155.55,4839.09
155.6,4840.49
155.65,4841.88
155.7,4843.28
155.75,4844.68
155.8,4846.07
155.85,4847.47
155.9,4848.87
155.95,4850.26
156,4851.66
156.05,4853.06
156.1,4854.45
156.15,4855.85
156.2,4857.24
156.25,4858.64
156.3,4860.04
156.35,4861.43
156.4,4862.83
156.45,4864.23
156.5,4865.62
156.55,4867.02
156.6,4868.42
156.65,4869.81
156.7,4871.21
156.75,4872.61
156.8,4874
156.85,4875.4
156.9,4876.79
156.95,4878.19
157,4879.59
157.05,4880.98
157.1,4882.38
157.15,4883.78
157.2,4885.17
157.25,4886.57
157.3,4887.97
157.35,4889.36
157.4,4890.76
157.45,4892.16
157.5,4893.55
157.55,4894.95
157.6,4896.34
157.65,4897.74
157.7,4899.14
157.75,4900.53
157.8,4901.93
157.85,4903.33
157.9,4904.72
157.95,4906.12
158,4907.52
158.05,4908.91
158.1,4910.31
158.15,4911.71
158.2,4913.1
158.25,4914.5
158.3,4915.89
158.35,4917.29
158.4,4918.69
158.45,4920.08
158.5,4921.48
158.55,4922.88
158.6,4924.27
158.65,4925.67
158.7,4927.07
158.75,4928.46
158.8,4929.86
158.85,4931.26
158.9,4932.65
158.95,4934.05
159,4935.44
159.05,4936.84
159.1,4938.24
159.15,4939.63
159.2,4941.03
159.25,4942.43
159.3,4943.82
159.35,4945.22
159.4,4946.62
159.45,4948.01
159.5,4949.41
159.55,4950.81
159.6,4952.2
159.65,4953.6
159.7,4954.99
159.75,4956.39
159.8,4957.79
159.85,4959.18
159.9,4960.58
159.95,4961.98
160,4963.37
160.05,4964.77
160.1,4966.17
160.15,4967.56
160.2,4968.96
160.25,4970.36
160.3,4971.75
160.35,4973.15
160.4,4974.54
160.45,4975.94
160.5,4977.34
160.55,4978.73
160.6,4980.13
160.65,4981.53
160.7,4982.92
160.75,4984.32
160.8,4985.72
160.85,4987.11
160.9,4988.51
160.95,4989.91
161,4991.3
161.05,4992.7
161.1,4994.09
161.15,4995.49
161.2,4996.89
161.25,4998.28
161.3,4999.68
161.35,5001.08
161.4,5002.47
161.45,5003.87
161.5,5005.27
161.55,5006.66
161.6,5008.06
161.65,5009.46
161.7,5010.85
161.75,5012.25
161.8,5013.64
161.85,5015.04
161.9,5016.44
161.95,5017.83
162,5019.23
162.05,5020.63
162.1,5022.02
162.15,5023.42
162.2,5024.82
162.25,5026.21
162.3,5027.61
162.35,5029.01
162.4,5030.4
162.45,5031.8
162.5,5033.19
162.55,5034.59
162.6,5035.99
162.65,5037.38
162.7,5038.78
162.75,5040.18
162.8,5041.57
162.85,5042.97
162.9,5044.37
162.95,5045.76
163,5047.16
163.05,5048.56
163.1,5049.95
163.15,5051.35
163.2,5052.74
163.25,5054.14
163.3,5055.54
163.35,5056.93
163.4,5058.33
163.45,5059.73
163.5,5061.12
163.55,5062.52
163.6,5063.92
163.65,5065.31
163.7,5066.71
163.75,5068.11
163.8,5069.5
163.85,5070.9
163.9,5072.29
163.95,5073.69
164,5075.09
164.05,5076.48
164.1,5077.88
164.15,5079.28
164.2,5080.67
164.25,5082.07
164.3,5083.47
164.35,5084.86
164.4,5086.26
164.45,5087.66
164.5,5089.05
164.55,5090.45
164.6,5091.84
164.65,5093.24
164.7,5094.64
164.75,5096.03
164.8,5097.43
164.85,5098.83
164.9,5100.22
164.95,5101.62
165,5103.02
165.05,5104.41
165.1,5105.81
165.15,5107.21
165.2,5108.6
165.25,5110
165.3,5111.39
165.35,5112.79
165.4,5114.19
165.45,5115.58
165.5,5116.98
165.55,5118.38
165.6,5119.77
165.65,5121.17
165.7,5122.57
165.75,5123.96
165.8,5125.36
165.85,5126.76
165.9,5128.15
165.95,5129.55
166,5130.94
166.05,5132.34
166.1,5133.74
166.15,5135.13
166.2,5136.53
166.25,5137.93
166.3,5139.32
166.35,5140.72
166.4,5142.12
166.45,5143.51
166.5,5144.91
166.55,5146.3
166.6,5147.7
166.65,5149.1
166.7,5150.49
166.75,5151.89
166.8,5153.29
166.85,5154.68
166.9,5156.08
166.95,5157.48
167,5158.87
167.05,5160.27
167.1,5161.67
167.15,5163.06
167.2,5164.46
167.25,5165.85
167.3,5167.25
167.35,5168.65
167.4,5170.04
167.45,5171.44
167.5,5172.84
167.55,5174.23
167.6,5175.63
167.65,5177.03
167.7,5178.42
167.75,5179.82
167.8,5181.22
167.85,5182.61
167.9,5184.01
167.95,5185.4
168,5186.8
168.05,5188.2
168.1,5189.59
168.15,5190.99
168.2,5192.39
168.25,5193.78
168.3,5195.18
168.35,5196.58
168.4,5197.97
168.45,5199.37
168.5,5200.77
168.55,5202.16
168.6,5203.56
168.65,5204.95
168.7,5206.35
168.75,5207.75
168.8,5209.14
168.85,5210.54
168.9,5211.94
168.95,5213.33
169,5214.73
169.05,5216.13
169.1,5217.52
169.15,5218.92
169.2,5220.31
169.25,5221.71
169.3,5223.11
169.35,5224.5
169.4,5225.9
169.45,5227.3
169.5,5228.69
169.55,5230.09
169.6,5231.49
169.65,5232.88
169.7,5234.28
169.75,5235.68
169.8,5237.07
169.85,5238.47
169.9,5239.86
169.95,5241.26
170,5242.66
170.05,5244.05
170.1,5245.45
170.15,5246.85
170.2,5248.24
170.25,5249.64
170.3,5251.04
170.35,5252.43
170.4,5253.83
170.45,5255.23
170.5,5256.62
170.55,5258.02
170.6,5259.41
170.65,5260.81
170.7,5262.21
170.75,5263.6
170.8,5265
170.85,5266.4
170.9,5267.79
170.95,5269.19
171,5270.59
171.05,5271.98
171.1,5273.38
171.15,5274.78
171.2,5276.17
171.25,5277.57
171.3,5278.96
171.35,5280.36
171.4,5281.76
171.45,5283.15
171.5,5284.55
171.55,5285.95
171.6,5287.34
171.65,5288.74
171.7,5290.14
171.75,5291.53
171.8,5292.93
171.85,5294.32
171.9,5295.72
171.95,5297.12
172,5298.51
172.05,5299.91
172.1,5301.31
172.15,5302.7
172.2,5304.1
172.25,5305.5
172.3,5306.89
172.35,5308.29
172.4,5309.69
172.45,5311.08
172.5,5312.48
172.55,5313.87
172.6,5315.27
172.65,5316.67
172.7,5318.06
172.75,5319.46
172.8,5320.86
172.85,5322.25
172.9,5323.65
172.95,5325.05
173,5326.44
173.05,5327.84
173.1,5329.23
173.15,5330.63
173.2,5332.03
173.25,5333.42
173.3,5334.82
173.35,5336.22
173.4,5337.61
173.45,5339.01
173.5,5340.41
173.55,5341.8
173.6,5343.2
173.65,5344.6
173.7,5345.99
173.75,5347.39
173.8,5348.78
173.85,5350.18
173.9,5351.58
173.95,5352.97
174,5354.37
174.05,5355.77
174.1,5357.16
174.15,5358.56
174.2,5359.96
174.25,5361.35
174.3,5362.75
174.35,5364.15
174.4,5365.54
174.45,5366.94
174.5,5368.33
174.55,5369.73
174.6,5371.13
174.65,5372.52
174.7,5373.92
174.75,5375.32
174.8,5376.71
174.85,5378.11
174.9,5379.51
174.95,5380.9
175,5382.3
175.05,5383.69
175.1,5385.09
175.15,5386.49
175.2,5387.88
175.25,5389.28
175.3,5390.68
175.35,5392.07
175.4,5393.47
175.45,5394.87
175.5,5396.26
175.55,5397.66
175.6,5399.06
175.65,5400.45
175.7,5401.85
175.75,5403.24
175.8,5404.64
175.85,5406.04
175.9,5407.43
175.95,5408.83
176,5410.23
176.05,5411.62
176.1,5413.02
176.15,5414.42
176.2,5415.81
176.25,5417.21
176.3,5418.6
176.35,5420
176.4,5421.4
176.45,5422.79
176.5,5424.19
176.55,5425.59
176.6,5426.98
176.65,5428.38
176.7,5429.78
176.75,5431.17
176.8,5432.57
176.85,5433.97
176.9,5435.36
176.95,5436.76
177,5438.15
177.05,5439.55
177.1,5440.95
177.15,5442.34
177.2,5443.74
177.25,5445.14
177.3,5446.53
177.35,5447.93
177.4,5449.33
177.45,5450.72
177.5,5452.12
177.55,5453.51
177.6,5454.91
177.65,5456.31
177.7,5457.7
177.75,5459.1
177.8,5460.5
177.85,5461.89
177.9,5463.29
177.95,5464.69
178,5466.08
178.05,5467.48
178.1,5468.88
178.15,5470.27
178.2,5471.67
178.25,5473.06
178.3,5474.46
178.35,5475.86
178.4,5477.25
178.45,5478.65
178.5,5480.05
178.55,5481.44
178.6,5482.84
178.65,5484.24
178.7,5485.63
178.75,5487.03
178.8,5488.42
178.85,5489.82
178.9,5491.22
178.95,5492.61
179,5494.01
179.05,5495.41
179.1,5496.8
179.15,5498.2
179.2,5499.6
179.25,5500.99
179.3,5502.39
179.35,5503.78
179.4,5505.18
179.45,5506.58
179.5,5507.97
179.55,5509.37
179.6,5510.77
179.65,5512.16
179.7,5513.56
179.75,5514.96
179.8,5516.35
179.85,5517.75
179.9,5519.15
179.95,5520.54
180,5521.94
180.05,5523.33
180.1,5524.73
180.15,5526.13
180.2,5527.52
180.25,5528.92
180.3,5530.32
180.35,5531.71
180.4,5533.11
180.45,5534.51
180.5,5535.9
180.55,5537.3
180.6,5538.69
180.65,5540.09
180.7,5541.49
180.75,5542.88
180.8,5544.28
180.85,5545.68
180.9,5547.07
180.95,5548.47
181,5549.87
181.05,5551.26
181.1,5552.66
181.15,5554.06
181.2,5555.45
181.25,5556.85
181.3,5558.24
181.35,5559.64
181.4,5561.04
181.45,5562.43
181.5,5563.83
181.55,5565.23
181.6,5566.62
181.65,5568.02
181.7,5569.42
181.75,5570.81
181.8,5572.21
181.85,5573.6
181.9,5575
181.95,5576.4
182,5577.79
182.05,5579.19
182.1,5580.59
182.15,5581.98
182.2,5583.38
182.25,5584.78
182.3,5586.17
182.35,5587.57
182.4,5588.96
182.45,5590.36
182.5,5591.76
182.55,5593.15
182.6,5594.55
182.65,5595.95
182.7,5597.34
182.75,5598.74
182.8,5600.14
182.85,5601.53
182.9,5602.93
182.95,5604.33
183,5605.72
183.05,5607.12
183.1,5608.51
183.15,5609.91
183.2,5611.31
183.25,5612.7
183.3,5614.1
183.35,5615.5
183.4,5616.89
183.45,5618.29
183.5,5619.69
183.55,5621.08
183.6,5622.48
183.65,5623.87
183.7,5625.27
183.75,5626.67
183.8,5628.06
183.85,5629.46
183.9,5630.86
183.95,5632.25
184,5633.65
184.05,5635.05
184.1,5636.44
184.15,5637.84
184.2,5639.23
184.25,5640.63
184.3,5642.03
184.35,5643.42
184.4,5644.82
184.45,5646.22
184.5,5647.61
184.55,5649.01
184.6,5650.41
184.65,5651.8
184.7,5653.2
184.75,5654.59
184.8,5655.99
184.85,5657.39
184.9,5658.78
184.95,5660.18
185,5661.58
185.05,5662.97
185.1,5664.37
185.15,5665.77
185.2,5667.16
185.25,5668.56
185.3,5669.96
185.35,5671.35
185.4,5672.75
185.45,5674.14
185.5,5675.54
185.55,5676.94
185.6,5678.33
185.65,5679.73
185.7,5681.13
185.75,5682.52
185.8,5683.92
185.85,5685.32
185.9,5686.71
185.95,5688.11
186,5689.5
186.05,5690.9
186.1,5692.3
186.15,5693.69
186.2,5695.09
186.25,5696.49
186.3,5697.88
186.35,5699.28
186.4,5700.68
186.45,5702.07
186.5,5703.47
186.55,5704.86
186.6,5706.26
186.65,5707.66
186.7,5709.05
186.75,5710.45
186.8,5711.85
186.85,5713.24
186.9,5714.64
186.95,5716.04
187,5717.43
187.05,5718.83
187.1,5720.22
187.15,5721.62
187.2,5723.02
187.25,5724.41
187.3,5725.81
187.35,5727.21
187.4,5728.6
187.45,5730
187.5,5731.4
187.55,5732.79
187.6,5734.19
187.65,5735.59
187.7,5736.98
187.75,5738.38
187.8,5739.77
187.85,5741.17
187.9,5742.57
187.95,5743.96
188,5745.36
188.05,5746.76
188.1,5748.15
188.15,5749.55
188.2,5750.95
188.25,5752.34
188.3,5753.74
188.35,5755.13
188.4,5756.53
188.45,5757.93
188.5,5759.32
188.55,5760.72
188.6,5762.12
188.65,5763.51
188.7,5764.91
188.75,5766.31
188.8,5767.7
188.85,5769.1
188.9,5770.49
188.95,5771.89
189,5773.29
189.05,5774.68
189.1,5776.08
189.15,5777.48
189.2,5778.87
189.25,5780.27
189.3,5781.67
189.35,5783.06
189.4,5784.46
189.45,5785.85
189.5,5787.25
189.55,5788.65
189.6,5790.04
189.65,5791.44
189.7,5792.84
189.75,5794.23
189.8,5795.63
189.85,5797.03
189.9,5798.42
189.95,5799.82
190,5801.21
190.05,5802.61
190.1,5804.01
190.15,5805.4
190.2,5806.8
190.25,5808.2
190.3,5809.59
190.35,5810.99
190.4,5812.39
190.45,5813.78
190.5,5815.18
190.55,5816.57
190.6,5817.97
190.65,5819.37
190.7,5820.76
190.75,5822.16
190.8,5823.56
190.85,5824.95
190.9,5826.35
190.95,5827.75
191,5829.14
191.05,5830.54
191.1,5831.94
191.15,5833.33
191.2,5834.73
191.25,5836.12
191.3,5837.52
191.35,5838.92
191.4,5840.31
191.45,5841.71
191.5,5843.11
191.55,5844.5
191.6,5845.9
191.65,5847.3
191.7,5848.69
191.75,5850.09
191.8,5851.48
191.85,5852.88
191.9,5854.28
191.95,5855.67
192,5857.07
192.05,5858.47
192.1,5859.86
192.15,5861.26
192.2,5862.66
192.25,5864.05
192.3,5865.45
192.35,5866.84
192.4,5868.24
192.45,5869.64
192.5,5871.03
192.55,5872.43
192.6,5873.83
192.65,5875.22
192.7,5876.62
192.75,5878.02
192.8,5879.41
192.85,5880.81
192.9,5882.2
192.95,5883.6
193,5885
193.05,5886.39
193.1,5887.79
193.15,5889.19
193.2,5890.58
193.25,5891.98
193.3,5893.38
193.35,5894.77
193.4,5896.17
193.45,5897.56
193.5,5898.96
193.55,5900.36
193.6,5901.75
193.65,5903.15
193.7,5904.55
193.75,5905.94
193.8,5907.34
193.85,5908.74
193.9,5910.13
193.95,5911.53
194,5912.92
194.05,5914.32
194.1,5915.72
194.15,5917.11
194.2,5918.51
194.25,5919.91
194.3,5921.3
194.35,5922.7
194.4,5924.1
194.45,5925.49
194.5,5926.89
194.55,5928.28
194.6,5929.68
194.65,5931.08
194.7,5932.47
194.75,5933.87
194.8,5935.27
194.85,5936.66
194.9,5938.06
194.95,5939.46
195,5940.85
195.05,5942.25
195.1,5943.64
195.15,5945.04
195.2,5946.44
195.25,5947.83
195.3,5949.23
195.35,5950.63
195.4,5952.02
195.45,5953.42
195.5,5954.82
195.55,5956.21
195.6,5957.61
195.65,5959
195.7,5960.4
195.75,5961.8
195.8,5963.19
195.85,5964.59
195.9,5965.99
195.95,5967.38
196,5968.78
196.05,5970.18
196.1,5971.57
196.15,5972.97
196.2,5974.36
196.25,5975.76
196.3,5977.16
196.35,5978.55
196.4,5979.95
196.45,5981.35
196.5,5982.74
196.55,5984.14
196.6,5985.54
196.65,5986.93
196.7,5988.33
196.75,5989.72
196.8,5991.12
196.85,5992.52
196.9,5993.91
196.95,5995.31
197,5996.71
197.05,5998.1
197.1,5999.5
197.15,6000.9
197.2,6002.29
197.25,6003.69
197.3,6005.08
197.35,6006.48
197.4,6007.88
197.45,6009.27
197.5,6010.67
197.55,6012.07
197.6,6013.46
197.65,6014.86
197.7,6016.26
197.75,6017.65
197.8,6019.05
197.85,6020.44
197.9,6021.84
197.95,6023.24
198,6024.63
198.05,6026.03
198.1,6027.43
198.15,6028.82
198.2,6030.22
198.25,6031.62
198.3,6033.01
198.35,6034.41
198.4,6035.8
198.45,6037.2
198.5,6038.6
198.55,6039.99
198.6,6041.39
198.65,6042.79
198.7,6044.18
198.75,6045.58
198.8,6046.98
198.85,6048.37
198.9,6049.77
198.95,6051.16
199,6052.56
199.05,6053.96
199.1,6055.35
199.15,6056.75
199.2,6058.15
199.25,6059.54
199.3,6060.94
199.35,6062.34
199.4,6063.73
199.45,6065.13
199.5,6066.52
199.55,6067.92
199.6,6069.32
199.65,6070.71
199.7,6072.11
199.75,6073.51
199.8,6074.9
199.85,6076.3
199.9,6077.7
199.95,6079.09
200,6080.49
200.05,6081.88
200.1,6083.28
200.15,6084.68
200.2,6086.07
200.25,6087.47
200.3,6088.87
200.35,6090.26
200.4,6091.66
200.45,6093.06
200.5,6094.45
200.55,6095.85
200.6,6097.24
200.65,6098.64
200.7,6100.04
200.75,6101.43
200.8,6102.83
200.85,6104.23
200.9,6105.62
200.95,6107.02
201,6108.41
201.05,6109.81
201.1,6111.21
201.15,6112.6
201.2,6114
201.25,6115.4
201.3,6116.79
201.35,6118.19
201.4,6119.59
201.45,6120.98
201.5,6122.38
201.55,6123.77
201.6,6125.17
201.65,6126.57
201.7,6127.96
201.75,6129.36
201.8,6130.76
201.85,6132.15
201.9,6133.55
201.95,6134.95
202,6136.34
202.05,6137.74
202.1,6139.13
202.15,6140.53
202.2,6141.93
202.25,6143.32
202.3,6144.72
202.35,6146.12
202.4,6147.51
202.45,6148.91
202.5,6150.31
202.55,6151.7
202.6,6153.1
202.65,6154.49
202.7,6155.89
202.75,6157.29
202.8,6158.68
202.85,6160.08
202.9,6161.48
202.95,6162.87
203,6164.27
203.05,6165.67
203.1,6167.06
203.15,6168.46
203.2,6169.85
203.25,6171.25
203.3,6172.65
203.35,6174.04
203.4,6175.44
203.45,6176.84
203.5,6178.23
203.55,6179.63
203.6,6181.03
203.65,6182.42
203.7,6183.82
203.75,6185.21
203.8,6186.61
203.85,6188.01
203.9,6189.4
203.95,6190.8
204,6192.2
204.05,6193.59
204.1,6194.99
204.15,6196.39
204.2,6197.78
204.25,6199.18
204.3,6200.57
204.35,6201.97
204.4,6203.37
204.45,6204.76
204.5,6206.16
204.55,6207.56
204.6,6208.95
204.65,6210.35
204.7,6211.74
204.75,6213.14
204.8,6214.54
204.85,6215.93
204.9,6217.33
204.95,6218.73
205,6220.12
205.05,6221.52
205.1,6222.92
205.15,6224.31
205.2,6225.71
205.25,6227.1
205.3,6228.5
205.35,6229.9
205.4,6231.29
205.45,6232.69
205.5,6234.09
205.55,6235.48
205.6,6236.88
205.65,6238.28
205.7,6239.67
205.75,6241.07
205.8,6242.46
205.85,6243.86
205.9,6245.26
205.95,6246.65
206,6248.05
206.05,6249.45
206.1,6250.84
206.15,6252.24
206.2,6253.64
206.25,6255.03
206.3,6256.43
206.35,6257.82
206.4,6259.22
206.45,6260.62
206.5,6262.01
206.55,6263.41
206.6,6264.81
206.65,6266.2
206.7,6267.6
206.75,6269
206.8,6270.39
206.85,6271.79
206.9,6273.18
206.95,6274.58
207,6275.98
207.05,6277.37
207.1,6278.77
207.15,6280.17
207.2,6281.56
207.25,6282.96
207.3,6284.35
207.35,6285.75
207.4,6287.15
207.45,6288.54
207.5,6289.94
207.55,6291.34
207.6,6292.73
207.65,6294.13
207.7,6295.53
207.75,6296.92
207.8,6298.32
207.85,6299.71
207.9,6301.11
207.95,6302.51
208,6303.9
208.05,6305.3
208.1,6306.7
208.15,6308.09
208.2,6309.49
208.25,6310.89
208.3,6312.28
208.35,6313.68
208.4,6315.07
208.45,6316.47
208.5,6317.87
208.55,6319.26
208.6,6320.66
208.65,6322.06
208.7,6323.45
208.75,6324.85
208.8,6326.25
208.85,6327.64
208.9,6329.04
208.95,6330.43
209,6331.83
209.05,6333.23
209.1,6334.62
209.15,6336.02
209.2,6337.42
209.25,6338.81
209.3,6340.21
209.35,6341.6
209.4,6343
209.45,6344.4
209.5,6345.79
209.55,6347.19
209.6,6348.59
209.65,6349.98
209.7,6351.38
209.75,6352.78
209.8,6354.17
209.85,6355.57
209.9,6356.96
209.95,6358.36
210,6359.76
210.05,6361.15
210.1,6362.55
210.15,6363.95
210.2,6365.34
210.25,6366.74
210.3,6368.14
210.35,6369.53
210.4,6370.93
210.45,6372.32
210.5,6373.72
210.55,6375.12
210.6,6376.51
210.65,6377.91
210.7,6379.31
210.75,6380.7
210.8,6382.1
210.85,6383.49
210.9,6384.89
210.95,6386.29
211,6387.68
211.05,6389.08
211.1,6390.48
211.15,6391.87
211.2,6393.27
211.25,6394.67
211.3,6396.06
211.35,6397.46
211.4,6398.85
211.45,6400.25
211.5,6401.65
211.55,6403.04
211.6,6404.44
211.65,6405.84
211.7,6407.23
211.75,6408.63
211.8,6410.03
211.85,6411.42
211.9,6412.82
211.95,6414.21
212,6415.61
212.05,6417.01
212.1,6418.4
212.15,6419.8
212.2,6421.2
212.25,6422.59
212.3,6423.99
212.35,6425.38
212.4,6426.78
212.45,6428.18
212.5,6429.57
212.55,6430.97
212.6,6432.37
212.65,6433.76
212.7,6435.16
212.75,6436.56
212.8,6437.95
212.85,6439.35
212.9,6440.74
212.95,6442.14
213,6443.54
213.05,6444.93
213.1,6446.33
213.15,6447.73
213.2,6449.12
213.25,6450.52
213.3,6451.92
213.35,6453.31
213.4,6454.71
213.45,6456.1
213.5,6457.5
213.55,6458.9
213.6,6460.29
213.65,6461.69
213.7,6463.09
213.75,6464.48
213.8,6465.88
213.85,6467.27
213.9,6468.67
213.95,6470.07
214,6471.46
214.05,6472.86
214.1,6474.26
214.15,6475.65
214.2,6477.05
214.25,6478.45
214.3,6479.84
214.35,6481.24
214.4,6482.63
214.45,6484.03
214.5,6485.43
214.55,6486.82
214.6,6488.22
214.65,6489.62
214.7,6491.01
214.75,6492.41
214.8,6493.81
214.85,6495.2
214.9,6496.6
214.95,6497.99
215,6499.39
215.05,6500.79
215.1,6502.18
215.15,6503.58
215.2,6504.98
215.25,6506.37
215.3,6507.77
215.35,6509.16
215.4,6510.56
215.45,6511.96
215.5,6513.35
215.55,6514.75
215.6,6516.15
215.65,6517.54
215.7,6518.94
215.75,6520.34
215.8,6521.73
215.85,6523.13
215.9,6524.52
215.95,6525.92
216,6527.32
216.05,6528.71
216.1,6530.11
216.15,6531.51
216.2,6532.9
216.25,6534.3
216.3,6535.69
216.35,6537.09
216.4,6538.49
216.45,6539.88
216.5,6541.28
216.55,6542.68
216.6,6544.07
216.65,6545.47
216.7,6546.87
216.75,6548.26
216.8,6549.66
216.85,6551.05
216.9,6552.45
216.95,6553.85
217,6555.24
217.05,6556.64
217.1,6558.04
217.15,6559.43
217.2,6560.83
217.25,6562.23
217.3,6563.62
217.35,6565.02
217.4,6566.41
217.45,6567.81
217.5,6569.21
217.55,6570.6
217.6,6572
217.65,6573.4
217.7,6574.79
217.75,6576.19
217.8,6577.58
217.85,6578.98
217.9,6580.38
217.95,6581.77
218,6583.17
218.05,6584.57
218.1,6585.96
218.15,6587.36
218.2,6588.76
218.25,6590.15
218.3,6591.55
218.35,6592.94
218.4,6594.34
218.45,6595.74
218.5,6597.13
218.55,6598.53
218.6,6599.93
218.65,6601.32
218.7,6602.72
218.75,6604.11
218.8,6605.51
218.85,6606.91
218.9,6608.3
218.95,6609.7
219,6611.1
219.05,6612.49
219.1,6613.89
219.15,6615.29
219.2,6616.68
219.25,6618.08
219.3,6619.47
219.35,6620.87
219.4,6622.27
219.45,6623.66
219.5,6625.06
219.55,6626.46
219.6,6627.85
219.65,6629.25
219.7,6630.64
219.75,6632.04
219.8,6633.44
219.85,6634.83
219.9,6636.23
219.95,6637.63
220,6639.02
220.05,6640.42
220.1,6641.82
220.15,6643.21
220.2,6644.61
220.25,6646
220.3,6647.4
220.35,6648.8
220.4,6650.19
220.45,6651.59
220.5,6652.99
220.55,6654.38
220.6,6655.78
220.65,6657.17
220.7,6658.57
220.75,6659.97
220.8,6661.36
220.85,6662.76
220.9,6664.16
220.95,6665.55
221,6666.95
221.05,6668.35
221.1,6669.74
221.15,6671.14
221.2,6672.53
221.25,6673.93
221.3,6675.33
221.35,6676.72
221.4,6678.12
221.45,6679.52
221.5,6680.91
221.55,6682.31
221.6,6683.71
221.65,6685.1
221.7,6686.5
221.75,6687.89
221.8,6689.29
221.85,6690.69
221.9,6692.08
221.95,6693.48
222,6694.88
222.05,6696.27
222.1,6697.67
222.15,6699.06
222.2,6700.46
222.25,6701.86
222.3,6703.25
222.35,6704.65
222.4,6706.05
222.45,6707.44
222.5,6708.84
222.55,6710.24
222.6,6711.63
222.65,6713.03
222.7,6714.42
222.75,6715.82
222.8,6717.22
222.85,6718.61
222.9,6720.01
222.95,6721.41
223,6722.8
223.05,6724.2
223.1,6725.59
223.15,6726.99
223.2,6728.39
223.25,6729.78
223.3,6731.18
223.35,6732.58
223.4,6733.97
223.45,6735.37
223.5,6736.76
223.55,6738.16
223.6,6739.56
223.65,6740.95
223.7,6742.35
223.75,6743.75
223.8,6745.14
223.85,6746.54
223.9,6747.94
223.95,6749.33
224,6750.73
224.05,6752.12
224.1,6753.52
224.15,6754.92
224.2,6756.31
224.25,6757.71
224.3,6759.11
224.35,6760.5
224.4,6761.9
224.45,6763.29
224.5,6764.69
224.55,6766.09
224.6,6767.48
224.65,6768.88
224.7,6770.28
224.75,6771.67
224.8,6773.07
224.85,6774.47
224.9,6775.86
224.95,6777.26
225,6778.65
225.05,6780.05
225.1,6781.45
225.15,6782.84
225.2,6784.24
225.25,6785.64
225.3,6787.03
225.35,6788.43
225.4,6789.82
225.45,6791.22
225.5,6792.62
225.55,6794.01
225.6,6795.41
225.65,6796.81
225.7,6798.2
225.75,6799.6
225.8,6801
225.85,6802.39
225.9,6803.79
225.95,6805.18
226,6806.58
226.05,6807.98
226.1,6809.37
226.15,6810.77
226.2,6812.17
226.25,6813.56
226.3,6814.96
226.35,6816.35
226.4,6817.75
226.45,6819.15
226.5,6820.54
226.55,6821.94
226.6,6823.34
226.65,6824.73
226.7,6826.13
226.75,6827.53
226.8,6828.92
226.85,6830.32
226.9,6831.71
226.95,6833.11
227,6834.51
227.05,6835.9
227.1,6837.3
227.15,6838.7
227.2,6840.09
227.25,6841.49
227.3,6842.88
227.35,6844.28
227.4,6845.68
227.45,6847.07
227.5,6848.47
227.55,6849.87
227.6,6851.26
227.65,6852.66
227.7,6854.05
227.75,6855.45
227.8,6856.85
227.85,6858.24
227.9,6859.64
227.95,6861.04
228,6862.43
228.05,6863.83
228.1,6865.23
228.15,6866.62
228.2,6868.02
228.25,6869.41
228.3,6870.81
228.35,6872.21
228.4,6873.6
228.45,6875
228.5,6876.4
228.55,6877.79
228.6,6879.19
228.65,6880.58
228.7,6881.98
228.75,6883.38
228.8,6884.77
228.85,6886.17
228.9,6887.57
228.95,6888.96
229,6890.36
229.05,6891.76
229.1,6893.15
229.15,6894.55
229.2,6895.94
229.25,6897.34
229.3,6898.74
229.35,6900.13
229.4,6901.53
229.45,6902.93
229.5,6904.32
229.55,6905.72
229.6,6907.11
229.65,6908.51
229.7,6909.91
229.75,6911.3
229.8,6912.7
229.85,6914.1
229.9,6915.49
229.95,6916.89
230,6918.28
230.05,6919.68
230.1,6921.08
230.15,6922.47
230.2,6923.87
230.25,6925.27
230.3,6926.66
230.35,6928.06
230.4,6929.46
230.45,6930.85
230.5,6932.25
230.55,6933.64
230.6,6935.04
230.65,6936.44
230.7,6937.83
230.75,6939.23
230.8,6940.63
230.85,6942.02
230.9,6943.42
230.95,6944.81
231,6946.21
231.05,6947.61
231.1,6949
231.15,6950.4
231.2,6951.8
231.25,6953.19
231.3,6954.59
231.35,6955.98
231.4,6957.38
231.45,6958.78
231.5,6960.17
231.55,6961.57
231.6,6962.97
231.65,6964.36
231.7,6965.76
231.75,6967.16
231.8,6968.55
231.85,6969.95
231.9,6971.34
231.95,6972.74
232,6974.14
232.05,6975.53
232.1,6976.93
232.15,6978.33
232.2,6979.72
232.25,6981.12
232.3,6982.51
232.35,6983.91
232.4,6985.31
232.45,6986.7
232.5,6988.1
232.55,6989.5
232.6,6990.89
232.65,6992.29
232.7,6993.68
232.75,6995.08
232.8,6996.48
232.85,6997.87
232.9,6999.27
232.95,7000.67
233,7002.06
233.05,7003.46
233.1,7004.86
233.15,7006.25
233.2,7007.65
233.25,7009.04
233.3,7010.44
233.35,7011.84
233.4,7013.23
233.45,7014.63
233.5,7016.03
233.55,7017.42
233.6,7018.82
233.65,7020.21
233.7,7021.61
233.75,7023.01
233.8,7024.4
233.85,7025.8
233.9,7027.2
233.95,7028.59
234,7029.99
234.05,7031.38
234.1,7032.78
234.15,7034.18
234.2,7035.57
234.25,7036.97
234.3,7038.37
234.35,7039.76
234.4,7041.16
234.45,7042.56
234.5,7043.95
234.55,7045.35
234.6,7046.74
234.65,7048.14
234.7,7049.54
234.75,7050.93
234.8,7052.33
234.85,7053.73
234.9,7055.12
234.95,7056.52
235,7057.91
235.05,7059.31
235.1,7060.71
235.15,7062.1
235.2,7063.5
235.25,7064.9
235.3,7066.29
235.35,7067.69
235.4,7069.08
235.45,7070.48
235.5,7071.88
235.55,7073.27
235.6,7074.67
235.65,7076.07
235.7,7077.46
235.75,7078.86
235.8,7080.26
235.85,7081.65
235.9,7083.05
235.95,7084.44
236,7085.84
236.05,7087.24
236.1,7088.63
236.15,7090.03
236.2,7091.43
236.25,7092.82
236.3,7094.22
236.35,7095.61
236.4,7097.01
236.45,7098.41
236.5,7099.8
236.55,7101.2
236.6,7102.6
236.65,7103.99
236.7,7105.39
236.75,7106.78
236.8,7108.18
236.85,7109.58
236.9,7110.97
236.95,7112.37
237,7113.77
237.05,7115.16
237.1,7116.56
237.15,7117.95
237.2,7119.35
237.25,7120.75
237.3,7122.14
237.35,7123.54
237.4,7124.94
237.45,7126.33
237.5,7127.73
237.55,7129.13
237.6,7130.52
237.65,7131.92
237.7,7133.31
237.75,7134.71
237.8,7136.11
237.85,7137.5
237.9,7138.9
237.95,7140.3
238,7141.69
238.05,7143.09
238.1,7144.48
238.15,7145.88
238.2,7147.28
238.25,7148.67
238.3,7150.07
238.35,7151.47
238.4,7152.86
238.45,7154.26
238.5,7155.65
238.55,7157.05
238.6,7158.45
238.65,7159.84
238.7,7161.24
238.75,7162.64
238.8,7164.03
238.85,7165.43
238.9,7166.82
238.95,7168.22
239,7169.62
239.05,7171.01
239.1,7172.41
239.15,7173.81
239.2,7175.2
239.25,7176.6
239.3,7178
239.35,7179.39
239.4,7180.79
239.45,7182.18
239.5,7183.58
239.55,7184.98
239.6,7186.37
239.65,7187.77
239.7,7189.17
239.75,7190.56
239.8,7191.96
239.85,7193.35
239.9,7194.75
239.95,7196.15
240,7197.54
240.05,7198.94
240.1,7200.34
240.15,7201.73
240.2,7203.13
240.25,7204.52
240.3,7205.92
240.35,7207.32
240.4,7208.71
240.45,7210.11
240.5,7211.51
240.55,7212.9
240.6,7214.3
240.65,7215.69
240.7,7217.09
240.75,7218.49
240.8,7219.88
240.85,7221.28
240.9,7222.68
240.95,7224.07
241,7225.47
241.05,7226.87
241.1,7228.26
241.15,7229.66
241.2,7231.05
241.25,7232.45
241.3,7233.85
241.35,7235.24
241.4,7236.64
241.45,7238.04
241.5,7239.43
241.55,7240.83
241.6,7242.22
241.65,7243.62
241.7,7245.02
241.75,7246.41
241.8,7247.81
241.85,7249.21
241.9,7250.6
241.95,7252
242,7253.39
242.05,7254.79
242.1,7256.19
242.15,7257.58
242.2,7258.98
242.25,7260.38
242.3,7261.77
242.35,7263.17
242.4,7264.56
242.45,7265.96
242.5,7267.36
242.55,7268.75
242.6,7270.15
242.65,7271.55
242.7,7272.94
242.75,7274.34
242.8,7275.73
242.85,7277.13
242.9,7278.53
242.95,7279.92
243,7281.32
243.05,7282.72
243.1,7284.11
243.15,7285.51
243.2,7286.91
243.25,7288.3
243.3,7289.7
243.35,7291.09
243.4,7292.49
243.45,7293.89
243.5,7295.28
243.55,7296.68
243.6,7298.08
243.65,7299.47
243.7,7300.87
243.75,7302.26
243.8,7303.66
243.85,7305.06
243.9,7306.45
243.95,7307.85
244,7309.25
244.05,7310.64
244.1,7312.04
244.15,7313.43
244.2,7314.83
244.25,7316.23
244.3,7317.62
244.35,7319.02
244.4,7320.42
244.45,7321.81
244.5,7323.21
244.55,7324.6
244.6,7326
244.65,7327.4
244.7,7328.79
244.75,7330.19
244.8,7331.59
244.85,7332.98
244.9,7334.38
244.95,7335.77
245,7337.17
245.05,7338.57
245.1,7339.96
245.15,7341.36
245.2,7342.76
245.25,7344.15
245.3,7345.55
245.35,7346.94
245.4,7348.34
245.45,7349.74
245.5,7351.13
245.55,7352.53
245.6,7353.93
245.65,7355.32
245.7,7356.72
245.75,7358.12
245.8,7359.51
245.85,7360.91
245.9,7362.3
245.95,7363.7
246,7365.1
246.05,7366.49
246.1,7367.89
246.15,7369.29
246.2,7370.68
246.25,7372.08
246.3,7373.47
246.35,7374.87
246.4,7376.27
246.45,7377.66
246.5,7379.06
246.55,7380.46
246.6,7381.85
246.65,7383.25
246.7,7384.64
246.75,7386.04
246.8,7387.44
246.85,7388.83
246.9,7390.23
246.95,7391.63
247,7393.02
247.05,7394.42
247.1,7395.81
247.15,7397.21
247.2,7398.61
247.25,7400
247.3,7401.4
247.35,7402.8
247.4,7404.19
247.45,7405.59
247.5,7406.98
247.55,7408.38
247.6,7409.78
247.65,7411.17
247.7,7412.57
247.75,7413.97
247.8,7415.36
247.85,7416.76
247.9,7418.15
247.95,7419.55
248,7420.95
248.05,7422.34
248.1,7423.74
248.15,7425.14
248.2,7426.53
248.25,7427.93
248.3,7429.32
248.35,7430.72
248.4,7432.12
248.45,7433.51
248.5,7434.91
248.55,7436.31
248.6,7437.7
248.65,7439.1
248.7,7440.49
248.75,7441.89
248.8,7443.29
248.85,7444.68
248.9,7446.08
248.95,7447.48
249,7448.87
249.05,7450.27
249.1,7451.67
249.15,7453.06
249.2,7454.46
249.25,7455.85
249.3,7457.25
249.35,7458.65
249.4,7460.04
249.45,7461.44
249.5,7462.84
249.55,7464.23
249.6,7465.63
249.65,7467.02
249.7,7468.42
249.75,7469.82
249.8,7471.21
249.85,7472.61
249.9,7474.01
249.95,7475.4
250,7476.8
250.05,7478.19
250.1,7479.59
250.15,7480.99
250.2,7482.38
250.25,7483.78
250.3,7485.18
250.35,7486.57
250.4,7487.97
250.45,7489.36
250.5,7490.76
250.55,7492.16
250.6,7493.55
250.65,7494.95
250.7,7496.35
250.75,7497.74
250.8,7499.14
250.85,7500.53
250.9,7501.93
250.95,7503.33
251,7504.72
251.05,7506.12
251.1,7507.52
251.15,7508.91
251.2,7510.31
251.25,7511.7
251.3,7513.1
251.35,7514.5
251.4,7515.89
251.45,7517.29
251.5,7518.69
251.55,7520.08
251.6,7521.48
251.65,7522.87
251.7,7524.27
251.75,7525.67
251.8,7527.06
251.85,7528.46
251.9,7529.86
251.95,7531.25
252,7532.65
252.05,7534.04
252.1,7535.44
252.15,7536.84
252.2,7538.23
252.25,7539.63
252.3,7541.03
252.35,7542.42
252.4,7543.82
252.45,7545.21
252.5,7546.61
252.55,7548.01
252.6,7549.4
252.65,7550.8
252.7,7552.2
252.75,7553.59
252.8,7554.99
252.85,7556.38
252.9,7557.78
252.95,7559.18
253,7560.57
253.05,7561.97
253.1,7563.37
253.15,7564.76
253.2,7566.16
253.25,7567.55
253.3,7568.95
253.35,7570.35
253.4,7571.74
253.45,7573.14
253.5,7574.54
253.55,7575.93
253.6,7577.33
253.65,7578.72
253.7,7580.12
253.75,7581.52
253.8,7582.91
253.85,7584.31
253.9,7585.71
253.95,7587.1
254,7588.5
254.05,7589.89
254.1,7591.29
254.15,7592.69
254.2,7594.08
254.25,7595.48
254.3,7596.88
254.35,7598.27
254.4,7599.67
254.45,7601.06
254.5,7602.46
254.55,7603.86
254.6,7605.25
254.65,7606.65
254.7,7608.05
254.75,7609.44
254.8,7610.84
254.85,7612.24
254.9,7613.63
254.95,7615.03
255,7616.42
255.05,7617.82
255.1,7619.22
255.15,7620.61
255.2,7622.01
255.25,7623.41
255.3,7624.8
255.35,7626.2
255.4,7627.59
255.45,7628.99
255.5,7630.39
255.55,7631.78
255.6,7633.18
255.65,7634.58
255.7,7635.97
255.75,7637.37
255.8,7638.76
255.85,7640.16
255.9,7641.56
255.95,7642.95
256,7644.35
256.05,7645.75
256.1,7647.14
256.15,7648.54
256.2,7649.93
256.25,7651.33
256.3,7652.73
256.35,7654.12
256.4,7655.52
256.45,7656.92
256.5,7658.31
256.55,7659.71
256.6,7661.1
256.65,7662.5
256.7,7663.9
256.75,7665.29
256.8,7666.69
256.85,7668.09
256.9,7669.48
256.95,7670.88
257,7672.27
257.05,7673.67
257.1,7675.07
257.15,7676.46
257.2,7677.86
257.25,7679.26
257.3,7680.65
257.35,7682.05
257.4,7683.44
257.45,7684.84
257.5,7686.24
257.55,7687.63
257.6,7689.03
257.65,7690.43
257.7,7691.82
257.75,7693.22
257.8,7694.61
257.85,7696.01
257.9,7697.41
257.95,7698.8
258,7700.2
258.05,7701.6
258.1,7702.99
258.15,7704.39
258.2,7705.78
258.25,7707.18
258.3,7708.58
258.35,7709.97
258.4,7711.37
258.45,7712.77
258.5,7714.16
258.55,7715.56
258.6,7716.95
258.65,7718.35
258.7,7719.75
258.75,7721.14
258.8,7722.54
258.85,7723.94
258.9,7725.33
258.95,7726.73
259,7728.12
259.05,7729.52
259.1,7730.92
259.15,7732.31
259.2,7733.71
259.25,7735.11
259.3,7736.5
259.35,7737.9
259.4,7739.29
259.45,7740.69
259.5,7742.09
259.55,7743.48
259.6,7744.88
259.65,7746.28
259.7,7747.67
259.75,7749.07
259.8,7750.46
259.85,7751.86
259.9,7753.26
259.95,7754.65
260,7756.05
260.05,7757.45
260.1,7758.84
260.15,7760.24
260.2,7761.63
260.25,7763.03
260.3,7764.43
260.35,7765.82
260.4,7767.22
260.45,7768.62
260.5,7770.01
260.55,7771.41
260.6,7772.8
260.65,7774.2
260.7,7775.6
260.75,7776.99
260.8,7778.39
260.85,7779.79
260.9,7781.18
260.95,7782.58
261,7783.97
261.05,7785.37
261.1,7786.77
261.15,7788.16
261.2,7789.56
261.25,7790.95
261.3,7792.35
261.35,7793.75
261.4,7795.14
261.45,7796.54
261.5,7797.94
261.55,7799.33
261.6,7800.73
261.65,7802.12
261.7,7803.52
261.75,7804.92
261.8,7806.31
261.85,7807.71
261.9,7809.11
261.95,7810.5
262,7811.9
262.05,7813.29
262.1,7814.69
262.15,7816.09
262.2,7817.48
262.25,7818.88
262.3,7820.28
262.35,7821.67
262.4,7823.07
262.45,7824.46
262.5,7825.86
262.55,7827.26
262.6,7828.65
262.65,7830.05
262.7,7831.45
262.75,7832.84
262.8,7834.24
262.85,7835.63
262.9,7837.03
262.95,7838.43
263,7839.82
263.05,7841.22
263.1,7842.62
263.15,7844.01
263.2,7845.41
263.25,7846.8
263.3,7848.2
263.35,7849.6
263.4,7850.99
263.45,7852.39
263.5,7853.79
263.55,7855.18
263.6,7856.58
263.65,7857.97
263.7,7859.37
263.75,7860.77
263.8,7862.16
263.85,7863.56
263.9,7864.96
263.95,7866.35
264,7867.75
264.05,7869.14
264.1,7870.54
264.15,7871.94
264.2,7873.33
264.25,7874.73
264.3,7876.13
264.35,7877.52
264.4,7878.92
264.45,7880.31
264.5,7881.71
264.55,7883.11
264.6,7884.5
264.65,7885.9
264.7,7887.3
264.75,7888.69
264.8,7890.09
264.85,7891.48
264.9,7892.88
264.95,7894.28
265,7895.67
265.05,7897.07
265.1,7898.47
265.15,7899.86
265.2,7901.26
265.25,7902.65
265.3,7904.05
265.35,7905.45
265.4,7906.84
265.45,7908.24
265.5,7909.64
265.55,7911.03
265.6,7912.43
265.65,7913.82
265.7,7915.22
265.75,7916.62
265.8,7918.01
265.85,7919.41
265.9,7920.81
265.95,7922.2
266,7923.6
266.05,7924.99
266.1,7926.39
266.15,7927.79
266.2,7929.18
266.25,7930.58
266.3,7931.98
266.35,7933.37
266.4,7934.77
266.45,7936.16
266.5,7937.56
266.55,7938.96
266.6,7940.35
266.65,7941.75
266.7,7943.14
266.75,7944.54
266.8,7945.94
266.85,7947.33
266.9,7948.73
266.95,7950.13
267,7951.52
267.05,7952.92
267.1,7954.31
267.15,7955.71
267.2,7957.11
267.25,7958.5
267.3,7959.9
267.35,7961.3
267.4,7962.69
267.45,7964.09
267.5,7965.48
267.55,7966.88
267.6,7968.28
267.65,7969.67
267.7,7971.07
267.75,7972.47
267.8,7973.86
267.85,7975.26
267.9,7976.65
267.95,7978.05
268,7979.45
268.05,7980.84
268.1,7982.24
268.15,7983.64
268.2,7985.03
268.25,7986.43
268.3,7987.82
268.35,7989.22
268.4,7990.62
268.45,7992.01
268.5,7993.41
268.55,7994.81
268.6,7996.2
268.65,7997.6
268.7,7998.99
268.75,8000.39
268.8,8001.79
268.85,8003.18
268.9,8004.58
268.95,8005.98
269,8007.37
269.05,8008.77
269.1,8010.16
269.15,8011.56
269.2,8012.96
269.25,8014.35
269.3,8015.75
269.35,8017.15
269.4,8018.54
269.45,8019.94
269.5,8021.33
269.55,8022.73
269.6,8024.13
269.65,8025.52
269.7,8026.92
269.75,8028.32
269.8,8029.71
269.85,8031.11
269.9,8032.5
269.95,8033.9
270,8035.3
270.05,8036.69
270.1,8038.09
270.15,8039.48
270.2,8040.88
270.25,8042.28
270.3,8043.67
270.35,8045.07
270.4,8046.47
270.45,8047.86
270.5,8049.26
270.55,8050.65
270.6,8052.05
270.65,8053.45
270.7,8054.84
270.75,8056.24
270.8,8057.64
270.85,8059.03
270.9,8060.43
270.95,8061.82
271,8063.22
271.05,8064.62
271.1,8066.01
271.15,8067.41
271.2,8068.81
271.25,8070.2
271.3,8071.6
271.35,8072.99
271.4,8074.39
271.45,8075.79
271.5,8077.18
271.55,8078.58
271.6,8079.98
271.65,8081.37
271.7,8082.77
271.75,8084.16
271.8,8085.56
271.85,8086.96
271.9,8088.35
271.95,8089.75
272,8091.15
272.05,8092.54
272.1,8093.94
272.15,8095.33
272.2,8096.73
272.25,8098.13
272.3,8099.52
272.35,8100.92
272.4,8102.32
272.45,8103.71
272.5,8105.11
272.55,8106.5
272.6,8107.9
272.65,8109.3
272.7,8110.69
272.75,8112.09
272.8,8113.48
272.85,8114.88
272.9,8116.28
272.95,8117.67
273,8119.07
273.05,8120.47
273.1,8121.86
273.15,8123.26
273.2,8124.65
273.25,8126.05
273.3,8127.45
273.35,8128.84
273.4,8130.24
273.45,8131.64
273.5,8133.03
273.55,8134.43
273.6,8135.82
273.65,8137.22
273.7,8138.62
273.75,8140.01
273.8,8141.41
273.85,8142.81
273.9,8144.2
273.95,8145.6
274,8146.99
274.05,8148.39
274.1,8149.79
274.15,8151.18
274.2,8152.58
274.25,8153.98
274.3,8155.37
274.35,8156.77
274.4,8158.16
274.45,8159.56
274.5,8160.96
274.55,8162.35
274.6,8163.75
274.65,8165.15
274.7,8166.54
274.75,8167.94
274.8,8169.33
274.85,8170.73
274.9,8172.13
274.95,8173.52
275,8174.92
275.05,8176.31
275.1,8177.71
275.15,8179.11
275.2,8180.5
275.25,8181.9
275.3,8183.3
275.35,8184.69
275.4,8186.09
275.45,8187.48
275.5,8188.88
275.55,8190.28
275.6,8191.67
275.65,8193.07
275.7,8194.47
275.75,8195.86
275.8,8197.26
275.85,8198.65
275.9,8200.05
275.95,8201.45
276,8202.84
276.05,8204.24
276.1,8205.64
276.15,8207.03
276.2,8208.43
276.25,8209.82
276.3,8211.22
276.35,8212.62
276.4,8214.01
276.45,8215.41
276.5,8216.81
276.55,8218.2
276.6,8219.6
276.65,8220.99
276.7,8222.39
276.75,8223.79
276.8,8225.18
276.85,8226.58
276.9,8227.97
276.95,8229.37
277,8230.77
277.05,8232.16
277.1,8233.56
277.15,8234.96
277.2,8236.35
277.25,8237.75
277.3,8239.14
277.35,8240.54
277.4,8241.94
277.45,8243.33
277.5,8244.73
277.55,8246.13
277.6,8247.52
277.65,8248.92
277.7,8250.31
277.75,8251.71
277.8,8253.11
277.85,8254.5
277.9,8255.9
277.95,8257.3
278,8258.69
278.05,8260.09
278.1,8261.48
278.15,8262.88
278.2,8264.28
278.25,8265.67
278.3,8267.07
278.35,8268.47
278.4,8269.86
278.45,8271.26
278.5,8272.65
278.55,8274.05
278.6,8275.45
278.65,8276.84
278.7,8278.24
278.75,8279.63
278.8,8281.03
278.85,8282.43
278.9,8283.82
278.95,8285.22
279,8286.62
279.05,8288.01
279.1,8289.41
279.15,8290.8
279.2,8292.2
279.25,8293.6
279.3,8294.99
279.35,8296.39
279.4,8297.79
279.45,8299.18
279.5,8300.58
279.55,8301.97
279.6,8303.37
279.65,8304.77
279.7,8306.16
279.75,8307.56
279.8,8308.96
279.85,8310.35
279.9,8311.75
279.95,8313.14
280,8314.54
280.05,8315.94
280.1,8317.33
280.15,8318.73
280.2,8320.12
280.25,8321.52
280.3,8322.92
280.35,8324.31
280.4,8325.71
280.45,8327.11
280.5,8328.5
280.55,8329.9
280.6,8331.29
280.65,8332.69
280.7,8334.09
280.75,8335.48
280.8,8336.88
280.85,8338.28
280.9,8339.67
280.95,8341.07
281,8342.46
281.05,8343.86
281.1,8345.26
281.15,8346.65
281.2,8348.05
281.25,8349.45
281.3,8350.84
281.35,8352.24
281.4,8353.63
281.45,8355.03
281.5,8356.43
281.55,8357.82
281.6,8359.22
281.65,8360.61
281.7,8362.01
281.75,8363.41
281.8,8364.8
281.85,8366.2
281.9,8367.6
281.95,8368.99
282,8370.39
282.05,8371.78
282.1,8373.18
282.15,8374.58
282.2,8375.97
282.25,8377.37
282.3,8378.77
282.35,8380.16
282.4,8381.56
282.45,8382.95
282.5,8384.35
282.55,8385.75
282.6,8387.14
282.65,8388.54
282.7,8389.94
282.75,8391.33
282.8,8392.73
282.85,8394.12
282.9,8395.52
282.95,8396.92
283,8398.31
283.05,8399.71
283.1,8401.1
283.15,8402.5
283.2,8403.9
283.25,8405.29
283.3,8406.69
283.35,8408.09
283.4,8409.48
283.45,8410.88
283.5,8412.27
283.55,8413.67
283.6,8415.07
283.65,8416.46
283.7,8417.86
283.75,8419.26
283.8,8420.65
283.85,8422.05
283.9,8423.44
283.95,8424.84
284,8426.24
284.05,8427.63
284.1,8429.03
284.15,8430.43
284.2,8431.82
284.25,8433.22
284.3,8434.61
284.35,8436.01
284.4,8437.41
284.45,8438.8
284.5,8440.2
284.55,8441.59
284.6,8442.99
284.65,8444.39
284.7,8445.78
284.75,8447.18
284.8,8448.58
284.85,8449.97
284.9,8451.37
284.95,8452.76
285,8454.16
285.05,8455.56
285.1,8456.95
285.15,8458.35
285.2,8459.75
285.25,8461.14
285.3,8462.54
285.35,8463.93
285.4,8465.33
285.45,8466.73
285.5,8468.12
285.55,8469.52
285.6,8470.91
285.65,8472.31
285.7,8473.71
285.75,8475.1
285.8,8476.5
285.85,8477.9
285.9,8479.29
285.95,8480.69
286,8482.08
286.05,8483.48
286.1,8484.88
286.15,8486.27
286.2,8487.67
286.25,8489.07
286.3,8490.46
286.35,8491.86
286.4,8493.25
286.45,8494.65
286.5,8496.05
286.55,8497.44
286.6,8498.84
286.65,8500.24
286.7,8501.63
286.75,8503.03
286.8,8504.42
286.85,8505.82
286.9,8507.22
286.95,8508.61
287,8510.01
287.05,8511.4
287.1,8512.8
287.15,8514.2
287.2,8515.59
287.25,8516.99
287.3,8518.39
287.35,8519.78
287.4,8521.18
287.45,8522.57
287.5,8523.97
287.55,8525.37
287.6,8526.76
287.65,8528.16
287.7,8529.56
287.75,8530.95
287.8,8532.35
287.85,8533.74
287.9,8535.14
287.95,8536.54
288,8537.93
288.05,8539.33
288.1,8540.72
288.15,8542.12
288.2,8543.52
288.25,8544.91
288.3,8546.31
288.35,8547.71
288.4,8549.1
288.45,8550.5
288.5,8551.89
288.55,8553.29
288.6,8554.69
288.65,8556.08
288.7,8557.48
288.75,8558.88
288.8,8560.27
288.85,8561.67
288.9,8563.06
288.95,8564.46
289,8565.86
289.05,8567.25
289.1,8568.65
289.15,8570.04
289.2,8571.44
289.25,8572.84
289.3,8574.23
289.35,8575.63
289.4,8577.03
289.45,8578.42
289.5,8579.82
289.55,8581.21
289.6,8582.61
289.65,8584.01
289.7,8585.4
289.75,8586.8
289.8,8588.2
289.85,8589.59
289.9,8590.99
289.95,8592.38
290,8593.78
290.05,8595.18
290.1,8596.57
290.15,8597.97
290.2,8599.36
290.25,8600.76
290.3,8602.16
290.35,8603.55
290.4,8604.95
290.45,8606.35
290.5,8607.74
290.55,8609.14
290.6,8610.53
290.65,8611.93
290.7,8613.33
290.75,8614.72
290.8,8616.12
290.85,8617.52
290.9,8618.91
290.95,8620.31
291,8621.7
291.05,8623.1
291.1,8624.5
291.15,8625.89
291.2,8627.29
291.25,8628.68
291.3,8630.08
291.35,8631.48
291.4,8632.87
291.45,8634.27
291.5,8635.67
291.55,8637.06
291.6,8638.46
291.65,8639.85
291.7,8641.25
291.75,8642.65
291.8,8644.04
291.85,8645.44
291.9,8646.84
291.95,8648.23
292,8649.63
292.05,8651.02
292.1,8652.42
292.15,8653.82
292.2,8655.21
292.25,8656.61
292.3,8658
292.35,8659.4
292.4,8660.8
292.45,8662.19
292.5,8663.59
292.55,8664.99
292.6,8666.38
292.65,8667.78
292.7,8669.17
292.75,8670.57
292.8,8671.97
292.85,8673.36
292.9,8674.76
292.95,8676.16
293,8677.55
293.05,8678.95
293.1,8680.34
293.15,8681.74
293.2,8683.14
293.25,8684.53
293.3,8685.93
293.35,8687.32
293.4,8688.72
293.45,8690.12
293.5,8691.51
293.55,8692.91
293.6,8694.31
293.65,8695.7
293.7,8697.1
293.75,8698.49
293.8,8699.89
293.85,8701.29
293.9,8702.68
293.95,8704.08
294,8705.48
294.05,8706.87
294.1,8708.27
294.15,8709.66
294.2,8711.06
294.25,8712.46
294.3,8713.85
294.35,8715.25
294.4,8716.64
294.45,8718.04
294.5,8719.44
294.55,8720.83
294.6,8722.23
294.65,8723.63
294.7,8725.02
294.75,8726.42
294.8,8727.81
294.85,8729.21
294.9,8730.61
294.95,8732
295,8733.4
295.05,8734.8
295.1,8736.19
295.15,8737.59
295.2,8738.98
295.25,8740.38
295.3,8741.78
295.35,8743.17
295.4,8744.57
295.45,8745.96
295.5,8747.36
295.55,8748.76
295.6,8750.15
295.65,8751.55
295.7,8752.95
295.75,8754.34
295.8,8755.74
295.85,8757.13
295.9,8758.53
295.95,8759.93
296,8761.32
296.05,8762.72
296.1,8764.11
296.15,8765.51
296.2,8766.91
296.25,8768.3
296.3,8769.7
296.35,8771.1
296.4,8772.49
296.45,8773.89
296.5,8775.28
296.55,8776.68
296.6,8778.08
296.65,8779.47
296.7,8780.87
296.75,8782.27
296.8,8783.66
296.85,8785.06
296.9,8786.45
296.95,8787.85
297,8789.25
297.05,8790.64
297.1,8792.04
297.15,8793.43
297.2,8794.83
297.25,8796.23
297.3,8797.62
297.35,8799.02
297.4,8800.42
297.45,8801.81
297.5,8803.21
297.55,8804.6
297.6,8806
297.65,8807.4
297.7,8808.79
297.75,8810.19
297.8,8811.58
297.85,8812.98
297.9,8814.38
297.95,8815.77
298,8817.17
298.05,8818.57
298.1,8819.96
298.15,8821.36
298.2,8822.75
298.25,8824.15
298.3,8825.55
298.35,8826.94
298.4,8828.34
298.45,8829.74
298.5,8831.13
298.55,8832.53
298.6,8833.92
298.65,8835.32
298.7,8836.72
298.75,8838.11
298.8,8839.51
298.85,8840.9
298.9,8842.3
298.95,8843.7
299,8845.09
299.05,8846.49
299.1,8847.89
299.15,8849.28
299.2,8850.68
299.25,8852.07
299.3,8853.47
299.35,8854.87
299.4,8856.26
299.45,8857.66
299.5,8859.05
299.55,8860.45
299.6,8861.85
299.65,8863.24
299.7,8864.64
299.75,8866.04
299.8,8867.43
299.85,8868.83
299.9,8870.22
299.95,8871.62
300,8873.02
